Population_Density,Competitor_Count,Rent_Price,Daily_Foot_Traffic,Average_Income,Distance_To_Center,University_Count,Location,Estimated_Revenue
7770,18,6539,808,115435,31,0,Suburban,80390
1360,6,10637,587,63919,52,1,Rural,193401
5890,16,5199,916,55247,19,0,Urban,53088
5691,19,13115,867,114758,58,0,Rural,113196
6234,3,9445,970,111747,47,0,Suburban,180883
6765,4,12375,457,82752,16,4,Urban,65479
966,6,3557,574,76573,53,2,Urban,29963
4926,12,6592,877,79101,5,0,Suburban,65123
6078,14,1098,555,46646,35,2,Suburban,135911
8822,10,3200,952,43049,12,3,Suburban,112468
2185,3,3961,874,99605,25,1,Rural,83477
1269,12,5973,85,118116,52,3,Rural,24388
7449,6,5433,734,117379,59,3,Urban,15569
2933,18,12969,69,88385,21,4,Suburban,79836
5811,1,3869,370,60158,36,1,Urban,114573
5551,9,12426,825,85417,53,3,Urban,177658
6920,12,12983,561,43289,23,3,Urban,153087
1684,5,1956,449,29823,16,1,Urban,55002
5055,11,14992,703,80160,57,1,Suburban,147326
3885,11,13259,932,61975,39,3,Urban,158216
6896,19,9352,520,29540,45,1,Suburban,165286
9166,10,6699,192,36364,53,3,Suburban,147162
9774,6,7944,141,24611,42,3,Rural,152709
3058,0,5493,403,47663,58,4,Suburban,163487
8349,0,10492,883,71991,39,0,Rural,34071
2547,19,5911,849,77679,14,3,Suburban,68243
3247,12,4987,776,50977,31,2,Suburban,135827
9667,8,10719,903,114704,58,0,Suburban,118215
689,2,7015,100,69115,5,0,Rural,182312
3234,6,14703,714,111007,35,0,Rural,111570
3505,5,14446,747,108223,23,4,Urban,174506
5158,7,2218,624,80890,29,3,Rural,79724
2399,8,5496,239,86387,43,4,Rural,125359
8234,4,5735,174,38071,11,3,Rural,85697
1767,0,12296,199,79275,18,4,Rural,38732
2028,18,11927,363,92369,47,4,Urban,131465
4056,9,5555,619,31938,12,2,Rural,152386
4390,11,10146,391,55195,9,4,Suburban,165026
9338,14,9050,354,111680,10,1,Suburban,67108
5893,8,13757,741,24000,58,2,Rural,121195
9292,19,4446,731,90588,44,4,Rural,113081
8933,16,2045,887,113610,17,0,Suburban,46668
8013,16,7893,832,117856,38,1,Suburban,33061
3112,19,2693,103,58304,7,1,Urban,89252
7541,11,4436,493,89449,46,1,Suburban,49749
6735,6,9754,662,102986,13,2,Suburban,140560
5986,1,11677,313,109643,40,4,Rural,114680
7599,2,6895,102,40764,42,4,Suburban,157979
1275,16,4354,621,106027,9,0,Urban,159849
8726,4,1225,669,58494,50,0,Suburban,61745
3652,16,5893,54,23373,27,1,Rural,118464
2085,16,8022,152,32161,58,0,Rural,101865
4443,16,10151,245,117532,2,2,Suburban,122428
8055,1,6600,823,112658,5,4,Rural,33624
3573,1,13740,926,47350,29,1,Urban,33321
1521,4,12259,933,113008,37,0,Urban,151560
4343,0,8996,399,114297,38,2,Suburban,32574
8489,0,10007,96,45351,19,2,Suburban,146312
7373,18,13946,916,108668,8,0,Suburban,184293
6175,1,8683,872,35305,48,4,Rural,151550
661,11,5642,985,95353,45,0,Urban,196717
4797,5,14503,869,96797,1,1,Urban,160334
1495,3,12312,705,85953,22,0,Rural,128831
8129,10,8679,318,77458,52,2,Urban,193868
9967,16,9208,419,40358,17,0,Suburban,145504
1516,5,8339,685,23267,7,4,Suburban,105257
8369,4,10435,155,102745,25,3,Suburban,74291
6939,19,3205,719,109588,45,0,Urban,137600
8392,1,11716,708,58513,4,4,Suburban,60428
7363,5,2069,706,46092,36,4,Rural,141374
8416,10,4444,169,31338,6,2,Rural,141127
9029,15,11757,880,20412,31,4,Urban,121317
1378,15,2060,836,27543,19,4,Rural,149789
9768,0,3327,653,53496,44,4,Rural,137449
5387,8,4420,107,80692,54,4,Urban,38699
5359,5,1301,395,109084,39,1,Suburban,83686
6831,15,13468,790,112920,27,1,Suburban,77661
9071,2,1606,523,64425,10,2,Suburban,54247
9184,19,4170,166,58756,26,0,Urban,157820
7708,3,1699,879,38888,19,4,Rural,115113
5776,18,6088,840,55735,39,0,Suburban,14621
2562,2,10331,176,67295,3,0,Suburban,156106
564,18,1190,442,103042,45,2,Urban,146198
8506,19,11492,957,105999,13,4,Suburban,146194
3068,6,1980,690,37955,50,4,Urban,28030
5963,19,3975,107,57841,28,3,Rural,92838
2527,8,7102,683,90640,58,0,Urban,94717
3195,0,2184,562,85510,20,0,Urban,196730
5758,7,4327,800,54911,28,1,Urban,48638
6118,6,4394,851,79031,8,3,Urban,77067
7236,17,9319,145,108726,41,1,Rural,128033
891,7,11257,687,27357,39,1,Rural,115977
6392,0,2816,167,52479,1,1,Suburban,98869
4061,10,6854,609,81476,3,2,Rural,115186
6684,17,7709,650,64811,13,2,Rural,44674
3599,9,1569,537,56208,28,1,Suburban,176926
6778,2,6442,286,40150,57,3,Rural,56271
8892,6,2895,934,91180,49,0,Urban,83688
3604,15,3733,946,63286,25,3,Urban,179590
7715,15,4863,321,88450,56,4,Suburban,121076
2954,19,13913,238,41352,33,2,Suburban,151339
9496,16,8455,753,75069,38,0,Suburban,11062
3231,1,5014,496,34397,53,0,Urban,60448
8654,0,12093,630,61555,6,4,Rural,105462
5556,15,2686,839,66959,58,4,Urban,147301
8610,11,4009,910,20728,44,1,Suburban,197865
4340,4,8806,296,70517,45,2,Rural,57915
1528,4,1154,125,86234,32,2,Rural,14632
7885,8,11729,203,59954,45,3,Urban,114592
1002,8,2409,705,67280,47,1,Suburban,144668
7410,2,13249,484,99459,21,1,Urban,119779
9562,18,1784,135,36779,16,1,Rural,147240
7438,15,12367,746,83932,54,1,Urban,118099
4988,15,9096,334,92936,21,2,Urban,17561
706,2,8560,269,44466,11,2,Suburban,92152
5634,19,13533,118,56939,37,1,Suburban,135036
6477,0,8343,96,89896,36,3,Rural,134049
8221,19,8206,143,55270,35,0,Urban,36734
7535,10,6596,799,79163,19,0,Urban,147443
1984,16,6801,502,102637,20,3,Urban,36069
3215,0,5108,493,33948,55,0,Urban,58634
1958,13,8157,195,29984,58,0,Rural,100813
6867,2,2712,161,53207,0,1,Suburban,99159
6020,3,4037,332,63835,31,1,Urban,112836
4039,6,8818,314,73908,43,2,Rural,57912
9065,16,11873,854,17394,28,4,Urban,119838
626,13,5578,954,97349,40,0,Urban,197727
6484,16,9157,551,34203,44,1,Suburban,167035
2998,0,4922,527,31708,53,0,Urban,60012
718,19,1024,457,105267,41,2,Urban,144980
2597,7,6940,706,95353,55,0,Urban,95875
5808,9,4369,101,76296,54,4,Urban,37233
5375,7,4337,103,83867,52,4,Urban,36908
3571,0,2244,574,86295,23,0,Urban,196823
6514,0,8229,121,94505,35,3,Rural,135587
7261,17,4738,347,88047,54,4,Suburban,120639
8441,0,12205,634,64314,2,4,Rural,103487
3335,0,5675,427,50195,58,4,Suburban,164824
5405,17,5212,884,58987,23,0,Urban,51262
9376,11,6783,176,32202,49,3,Suburban,146701
4343,17,10189,247,116347,3,2,Suburban,121762
1778,6,10601,562,59766,49,1,Rural,191722
3488,0,2070,525,85219,23,0,Urban,196332
2008,5,1094,119,85741,31,2,Rural,13790
2819,4,14662,707,112582,37,0,Rural,109624
4139,12,9991,428,54968,9,4,Suburban,164592
1250,6,10808,601,63387,56,1,Rural,193010
8410,12,8590,318,77650,54,2,Urban,195470
6009,0,8527,864,33625,45,4,Rural,152777
7024,19,9398,555,29238,42,1,Suburban,165158
2417,10,5399,211,85698,42,4,Rural,126074
4995,3,1185,400,107757,43,1,Suburban,83880
8871,0,9940,64,41915,16,2,Suburban,145820
9353,7,6606,223,33204,55,3,Suburban,147808
1867,1,971,150,87292,36,2,Rural,14699
5755,7,4220,804,57042,30,1,Urban,49978
1601,18,4303,662,101753,5,0,Urban,158181
7462,14,9364,186,113162,39,1,Rural,127611
7349,20,14034,925,110365,12,0,Suburban,183199
9026,18,2053,895,117867,12,0,Suburban,47659
613,7,11182,669,22639,37,1,Rural,114887
6664,1,8717,840,31386,46,4,Rural,149950
7579,3,1620,856,37773,23,4,Rural,114062
6245,0,3806,371,58039,39,1,Urban,113902
5291,5,14417,867,94767,0,1,Urban,160409
4698,2,14464,855,101141,0,1,Urban,160848
5928,1,11677,288,111628,43,4,Rural,116011
4786,6,14536,917,92744,4,1,Urban,161939
3766,18,5720,101,23133,22,1,Rural,119493
1300,4,964,173,91143,32,2,Rural,14542
3598,0,13745,915,42416,33,1,Urban,31421
5292,21,13499,147,60767,39,1,Suburban,133586
7780,12,8725,305,80963,49,2,Urban,194717
6384,16,5045,942,50811,22,0,Urban,53488
3073,18,13958,274,46145,29,2,Suburban,152710
3339,16,5819,57,27390,27,1,Rural,118169
1278,8,3503,545,75243,48,2,Urban,30306
6493,17,9269,485,33757,46,1,Suburban,163638
1008,17,2258,813,24794,16,4,Rural,150744
9642,12,9231,338,107484,11,1,Suburban,68309
1354,2,1907,458,29454,14,1,Urban,54020
6126,20,12986,861,119341,61,0,Rural,112375
6243,9,4489,795,51146,27,1,Urban,47735
5857,1,8619,893,37025,45,4,Rural,152963
3415,15,12943,73,90291,23,4,Suburban,81372
4851,16,9184,369,93952,21,2,Urban,18722
5616,14,916,589,45195,31,2,Suburban,137561
6144,5,4388,826,81969,5,3,Urban,77569
4830,16,10280,279,116673,4,2,Suburban,124247
1356,4,10611,561,65885,56,1,Rural,194160
8521,17,11645,971,110545,14,4,Suburban,145173
739,6,11197,642,27692,43,1,Rural,115332
7891,0,13294,456,99536,21,1,Urban,118517
6595,2,8867,885,35916,43,4,Rural,150526
8312,10,4336,205,34427,9,2,Rural,140498
3333,17,2731,95,56196,4,1,Urban,89532
4586,9,6596,849,79678,4,0,Suburban,64924
5501,0,11524,358,108261,41,4,Rural,116349
1759,2,12340,178,75834,19,4,Rural,39803
8996,0,1725,549,66108,7,2,Suburban,54396
5383,17,6204,807,52242,37,0,Suburban,13573
2421,18,12021,399,89432,51,4,Urban,129945
8675,5,1152,697,57136,51,0,Suburban,60982
8464,0,12236,676,58555,8,4,Rural,103569
5929,17,13196,837,111052,54,0,Rural,114432
1029,6,10453,593,62984,55,1,Rural,192373
6810,6,12245,429,85766,17,4,Urban,65105
7968,0,6668,863,117603,7,4,Rural,32327
8360,12,4133,904,17331,44,1,Suburban,198247
5949,17,13196,860,111080,58,0,Rural,113329
8335,2,6704,854,113614,8,4,Rural,34405
6032,0,2622,204,49920,0,1,Suburban,97743
1268,4,12425,701,82051,21,0,Rural,128278
1599,4,2060,438,29896,19,1,Urban,56686
6225,4,4296,851,83728,3,3,Urban,78876
3350,20,2801,94,62622,5,1,Urban,89663
8624,1,5727,130,41559,12,3,Rural,85804
9306,0,3367,652,52283,47,4,Rural,139002
5110,4,14364,866,93893,5,1,Urban,159607
7243,12,4679,354,85658,56,4,Suburban,119635
3390,19,12939,109,89373,23,4,Suburban,77952
6660,17,7533,605,59986,16,2,Rural,46484
7416,0,6945,142,42933,46,4,Suburban,156852
5555,2,3921,328,61172,34,1,Urban,115535
9276,12,11943,886,17079,26,4,Urban,120284
9267,0,1612,503,68292,12,2,Suburban,55293
2298,6,6930,653,87463,54,0,Urban,94285
4736,6,14419,908,96944,0,1,Urban,158377
6140,8,13838,730,20356,59,2,Rural,119703
2806,4,2159,684,36027,54,4,Urban,28041
7584,0,1642,905,37147,22,4,Rural,114301
7650,10,11553,201,61153,48,3,Urban,116031
2987,0,10440,212,62841,0,0,Suburban,158034
7830,0,13204,453,99690,21,1,Urban,119094
4301,17,10023,286,120497,3,2,Suburban,121276
2897,1,5412,369,44746,62,4,Suburban,163366
2435,17,6022,826,74719,17,3,Suburban,67159
5834,7,4447,790,54445,24,1,Urban,49583
6664,0,8575,887,32057,50,4,Rural,150348
8073,7,11614,177,64761,46,3,Urban,113467
8794,16,4581,738,87437,42,4,Rural,112841
617,4,7178,90,66757,1,0,Rural,182645
5452,0,3786,325,56758,38,1,Urban,115848
7416,8,4468,517,88851,45,1,Suburban,50480
10136,14,9206,406,39157,17,0,Suburban,147099
5581,9,4332,755,50529,29,1,Urban,47456
8061,12,4582,163,27470,10,2,Rural,141295
6535,16,1044,579,47137,30,2,Suburban,134855
2987,0,2254,525,86305,22,0,Urban,198557
7934,15,6725,823,118068,29,0,Suburban,82125
1459,2,1092,114,82721,35,2,Rural,16367
5130,13,6572,829,81949,0,0,Suburban,66188
3643,1,2013,610,85519,16,0,Urban,197989
1969,1,12168,751,90702,22,0,Rural,127737
2269,5,3992,847,96718,29,1,Rural,81489
604,0,8505,237,40510,6,2,Suburban,90754
6092,16,6271,807,53166,37,0,Suburban,12820
5314,10,6439,890,82080,7,0,Suburban,65756
1610,0,12289,236,75857,22,4,Rural,38523
2230,0,12319,183,75583,17,4,Rural,40259
2038,9,5431,250,86304,46,4,Rural,123806
5920,5,9266,920,115540,47,0,Suburban,180694
8914,11,3814,959,17348,39,1,Suburban,199776
2791,3,5017,470,36900,53,0,Urban,59288
9788,19,4484,725,90354,44,4,Rural,114223
10105,7,10703,901,115066,58,0,Suburban,116804
845,4,3716,621,76765,55,2,Urban,31830
1587,14,2151,874,29165,19,4,Rural,148942
9335,14,11891,845,21505,30,4,Urban,122253
1208,9,5992,132,119820,48,3,Rural,24478
8052,5,5650,216,33171,9,3,Rural,84216
2200,8,5608,207,88044,47,4,Rural,124395
7442,0,6743,74,41639,41,4,Suburban,156703
7045,10,6568,831,78434,23,0,Urban,148113
9335,8,7825,115,19848,40,3,Rural,151696
5141,5,14624,834,99023,0,1,Urban,159136
2920,2,2316,565,88542,21,0,Urban,197312
3708,10,5399,641,32156,16,2,Rural,152735
3814,17,3867,896,62311,29,3,Urban,181427
3175,19,2512,94,59377,3,1,Urban,87778
8925,0,12113,598,59097,1,4,Rural,105127
6033,21,3897,153,54378,27,3,Rural,94482
7319,16,9352,128,104480,36,1,Rural,127171
1926,1,12316,228,81671,13,4,Rural,37191
10327,13,9330,423,43181,12,0,Suburban,146383
3678,13,3871,913,63793,25,3,Urban,180142
2763,19,13715,221,40587,36,2,Suburban,152718
6370,0,11658,351,105183,44,4,Rural,113611
8813,0,1611,517,64935,5,2,Suburban,54233
5882,14,5318,871,58708,18,0,Urban,51412
7635,15,6378,778,118361,34,0,Suburban,78968
6063,5,9303,989,111878,50,0,Suburban,181691
5724,5,4255,896,82728,3,3,Urban,78313
7260,10,6527,796,75292,21,0,Urban,148341
3257,15,12828,57,86530,16,4,Suburban,79373
2948,0,5185,476,37950,55,0,Urban,61691
3683,12,5117,735,49697,26,2,Suburban,136834
6330,13,1019,534,51294,34,2,Suburban,136460
9189,21,4076,133,57823,28,0,Urban,157820
5569,1,3764,379,59353,36,1,Urban,114954
6505,3,4540,888,83904,11,3,Urban,77398
9206,15,2079,909,117854,12,0,Suburban,45142
6847,13,13653,834,115201,30,1,Suburban,76738
3924,15,5754,18,20882,22,1,Rural,117945
1048,2,12367,658,85969,26,0,Rural,128433
3145,10,1417,549,57741,32,1,Suburban,176369
3457,0,5206,485,34124,50,0,Urban,62133
7626,14,12514,704,79613,49,1,Urban,116730
2105,16,7980,110,31093,55,0,Rural,100567
3197,7,1492,512,56768,24,1,Suburban,177382
5210,19,13231,820,113774,54,0,Rural,112177
4450,10,6860,639,83815,6,2,Rural,114513
3206,16,13760,203,37071,35,2,Suburban,151297
9846,6,7879,105,19685,37,3,Rural,151267
3621,2,5014,544,38882,51,0,Urban,58669
7874,9,11778,204,59111,40,3,Urban,114148
5729,0,3982,388,63669,31,1,Urban,114778
8202,18,8049,786,115005,36,1,Suburban,31408
1038,0,7182,69,73759,1,0,Rural,181494
1589,16,12044,391,97116,44,4,Urban,130353
7093,6,5527,701,119092,62,3,Urban,17524
4873,7,2331,575,80097,25,3,Rural,78645
7918,12,4452,211,33479,4,2,Rural,140385
7032,18,14100,878,112320,3,0,Suburban,185002
944,0,8570,222,48544,7,2,Suburban,90556
6460,18,3966,98,56777,27,3,Rural,92118
9947,9,10562,926,119011,62,0,Suburban,116891
1135,4,8167,695,19342,2,4,Suburban,103845
9325,15,1903,931,112486,18,0,Suburban,46288
7129,9,4306,450,89064,44,1,Suburban,50354
4625,4,14394,885,99062,1,1,Urban,161286
4422,2,9060,411,115676,40,2,Suburban,34558
6886,0,8525,54,94014,36,3,Rural,135167
6621,4,12394,500,82404,12,4,Urban,66763
9776,5,10908,863,116496,53,0,Suburban,118741
9433,9,10918,951,118951,60,0,Suburban,118749
1644,4,1168,116,88690,34,2,Rural,14226
3563,18,2879,65,57978,10,1,Urban,87817
8328,20,11568,942,101540,13,4,Suburban,147607
3368,6,14566,676,108168,30,0,Rural,112141
5284,7,14648,830,94048,4,1,Urban,159037
5427,10,4511,93,84936,51,4,Urban,40273
7683,12,6640,822,78732,19,0,Urban,148520
585,9,11118,709,25101,43,1,Rural,116845
6178,6,4458,801,55952,32,1,Urban,49853
3468,0,4983,516,34072,56,0,Urban,59305
4628,5,14571,820,93357,0,1,Urban,159618
6447,1,6508,291,36314,56,3,Rural,54855
7790,20,6392,817,115854,30,0,Suburban,81123
3209,9,4802,748,48699,35,2,Suburban,134058
4336,6,14310,858,92267,2,1,Urban,160651
5670,20,13436,131,61547,35,1,Suburban,136023
6591,16,13326,824,109388,25,1,Suburban,79179
5450,17,2798,811,69884,59,4,Urban,148222
6344,17,5038,894,51055,22,0,Urban,52333
2956,0,5050,523,37760,51,0,Urban,58499
7846,5,2254,745,47811,34,4,Rural,141537
8652,15,11650,880,20485,31,4,Urban,119854
3721,14,5008,794,53989,31,2,Suburban,137463
5615,12,1101,599,43291,36,2,Suburban,137859
4624,4,14440,907,100046,0,1,Urban,158874
3806,8,5654,599,28067,9,2,Rural,151428
7178,3,6636,285,36503,60,3,Rural,55085
3327,13,5899,23,19140,27,1,Rural,117879
8711,10,4144,914,19623,44,1,Suburban,198703
3525,16,2573,133,62178,6,1,Urban,88904
3011,0,5510,354,46117,55,4,Suburban,164152
8720,16,3971,140,61085,25,0,Urban,156238
7188,18,13923,878,105458,3,0,Suburban,184649
8408,17,8401,184,59939,32,0,Urban,38544
5630,5,2388,643,76775,27,3,Rural,78587
3894,11,1714,553,58942,27,1,Suburban,175111
3659,2,2262,569,84416,24,0,Urban,194990
6028,16,2631,887,66451,61,4,Urban,146852
2177,15,8139,183,36891,56,0,Rural,101161
7051,16,12390,770,81005,51,1,Urban,118306
4336,5,14671,902,92109,5,1,Urban,161251
7238,16,12550,759,85201,49,1,Urban,116860
8212,0,9868,114,45668,23,2,Suburban,144535
1902,16,8115,184,27971,58,0,Rural,101144
1117,14,6011,120,119957,53,3,Rural,22567
8952,12,9044,362,108712,14,1,Suburban,67175
1557,8,10602,596,68618,54,1,Rural,193048
5712,15,5220,948,57376,14,0,Urban,51719
7505,15,12227,757,81637,52,1,Urban,119876
2493,19,13841,203,45140,32,2,Suburban,152878
7803,12,12339,783,81079,50,1,Urban,119793
1060,3,12214,950,108623,32,0,Urban,152841
6134,16,6265,804,51682,41,0,Suburban,14157
7845,18,13855,954,109345,8,0,Suburban,184398
7686,15,12435,750,83583,53,1,Urban,119263
1148,3,10792,571,66785,55,1,Rural,194693
1121,7,10827,591,60932,48,1,Rural,194171
606,5,11334,650,26054,43,1,Rural,115940
7701,3,6473,821,108148,7,4,Rural,34927
2362,7,7108,715,89990,62,0,Urban,96562
2621,19,14100,287,38780,36,2,Suburban,152774
3190,9,1647,493,56195,23,1,Suburban,175540
6630,4,6616,265,43883,58,3,Rural,54832
7840,16,6664,840,119914,33,0,Suburban,80811
5125,12,15131,701,84985,54,1,Suburban,145947
1675,6,10793,625,63839,50,1,Rural,194928
4623,14,10290,210,115458,0,2,Suburban,122563
3392,21,2696,103,62848,8,1,Urban,90343
5980,3,4354,872,81313,11,3,Urban,76080
5214,8,2045,655,80266,26,3,Rural,79785
7207,4,2260,747,50582,36,4,Rural,141554
5350,7,2274,653,80758,31,3,Rural,79684
7204,8,6560,831,81149,19,0,Urban,149322
6794,16,3067,710,111450,41,0,Urban,136657
3263,0,13561,892,46773,30,1,Urban,34260
5553,6,4289,119,82562,50,4,Urban,39978
1442,2,12439,927,116167,33,0,Urban,153444
7119,11,12878,587,40362,19,3,Urban,154357
3896,8,10108,347,56365,4,4,Suburban,163617
2690,2,5371,379,43364,53,4,Suburban,162069
8638,0,11520,667,61626,5,4,Suburban,61654
5690,20,13648,101,58764,36,1,Suburban,134649
9217,6,2814,919,94047,46,0,Urban,82789
7623,4,2170,680,45356,31,4,Rural,142617
5493,21,3952,62,60809,32,3,Rural,91126
2219,2,3936,847,102751,25,1,Rural,83045
9487,17,1973,102,39555,11,1,Rural,149123
5444,6,12442,861,88975,56,3,Urban,179517
6949,2,6297,241,43869,53,3,Rural,57331
1240,16,2225,814,27429,14,4,Rural,150715
7309,16,13932,890,107603,9,0,Suburban,183736
7532,3,2100,710,45711,36,4,Rural,139380
7758,2,1753,909,39079,19,4,Rural,114296
6818,0,2719,162,54354,0,1,Suburban,97108
5471,18,5075,889,58103,17,0,Urban,53074
3740,8,13288,956,62376,37,3,Urban,157662
7130,18,14003,891,106690,5,0,Suburban,184876
2245,18,11990,410,93107,51,4,Urban,131214
5143,8,15122,680,81144,59,1,Suburban,147443
6606,5,4375,803,75801,9,3,Urban,76970
8392,4,10615,179,107714,28,3,Suburban,74554
4849,9,15047,690,84149,52,1,Suburban,148501
4346,8,13096,942,60190,40,3,Urban,160014
3322,11,1544,564,57902,32,1,Suburban,176003
8440,11,4270,169,29314,4,2,Rural,141980
1630,15,8097,191,30898,59,0,Rural,102242
5722,12,2625,836,71862,53,4,Urban,146148
2011,9,5594,209,82139,42,4,Rural,126633
5625,9,13843,744,20392,55,2,Rural,120506
8854,16,8940,359,113469,9,1,Suburban,67200
2421,2,10191,219,62972,1,0,Suburban,156982
8376,2,12257,638,56660,2,4,Rural,105707
8135,18,6685,829,115188,29,0,Suburban,79629
2384,3,3923,874,96551,22,1,Rural,82981
838,4,11407,656,27901,34,1,Rural,115309
4698,0,8938,444,110392,42,2,Suburban,33517
5622,6,4526,835,56896,30,1,Urban,50144
8900,4,1277,677,55276,49,0,Suburban,62124
9599,7,8012,161,24152,40,3,Rural,151404
3471,3,14614,705,106480,27,4,Urban,172532
3974,9,6944,559,82689,2,2,Rural,116423
8887,13,2031,865,113479,15,0,Suburban,47033
3689,17,3836,958,59847,22,3,Urban,180935
698,5,3647,595,75579,52,2,Urban,31417
5274,8,12311,830,90284,51,3,Urban,178070
6611,5,4359,868,83345,3,3,Urban,78241
9892,17,1697,119,35760,13,1,Rural,146199
5545,17,13688,70,61432,41,1,Suburban,134562
6246,3,8665,828,35987,52,4,Rural,151418
7272,17,12373,722,84714,56,1,Urban,116471
1081,8,10692,537,59862,53,1,Rural,195088
7306,18,6573,848,114985,27,0,Suburban,80339
8087,3,7049,131,44901,37,4,Suburban,156223
1046,14,5775,105,113716,49,3,Rural,24228
8087,0,11723,701,59889,3,4,Suburban,61668
4471,8,5551,655,36547,16,2,Rural,154085
5521,9,2358,614,77414,24,3,Rural,79400
7518,12,6520,823,77929,16,0,Urban,148932
5819,13,1035,546,41896,32,2,Suburban,137338
5379,15,2824,821,71695,57,4,Urban,147826
3834,12,3557,945,58364,22,3,Urban,177714
4746,8,14859,715,78283,60,1,Suburban,145862
7115,4,6755,151,44853,37,4,Suburban,158732
7731,1,1527,865,40952,17,4,Rural,115032
6307,18,5381,924,58664,23,0,Urban,52723
3785,13,13077,962,58184,43,3,Urban,157641
3463,0,5463,451,47816,56,4,Suburban,163027
8440,0,6473,820,112556,0,4,Rural,32154
2188,18,6661,456,99815,16,3,Urban,37822
1920,7,5448,236,88997,38,4,Rural,126192
3031,0,5568,448,51558,58,4,Suburban,161740
5253,17,13380,70,54483,34,1,Suburban,135204
5096,7,4430,103,81214,55,4,Urban,39802
7243,12,12509,757,81302,53,1,Urban,116759
8798,15,11695,928,18693,34,4,Urban,121118
2231,18,11836,326,92079,48,4,Urban,130525
4576,12,10128,403,50523,7,4,Suburban,166786
8438,2,11920,640,62134,5,4,Rural,104827
8721,16,11488,937,105227,12,4,Suburban,145230
3779,14,3723,990,65080,24,3,Urban,178796
9824,18,1898,101,31899,20,1,Rural,148968
5484,4,4515,773,56660,31,1,Urban,49974
4051,15,3583,918,59250,29,3,Urban,179725
8229,0,10440,914,71215,36,0,Rural,35604
6351,0,2883,166,51154,1,1,Suburban,98962
1190,7,1805,476,30517,18,1,Urban,56465
530,10,2596,733,64356,50,1,Suburban,143810
2968,3,10376,204,69160,4,0,Suburban,157086
1048,6,8251,704,23910,4,4,Suburban,104811
8200,1,6569,799,116182,0,4,Rural,35142
2145,0,12261,163,79524,16,4,Rural,38487
7286,5,1512,878,35204,19,4,Rural,115078
1088,8,5644,970,91549,42,0,Urban,195461
9738,16,4533,688,88758,39,4,Rural,112710
7673,15,5057,349,93071,56,4,Suburban,120042
2468,5,5484,191,81742,38,4,Rural,124121
7421,21,3159,730,114306,48,0,Urban,138409
2436,7,5350,235,81415,38,4,Rural,124152
2914,19,12950,95,84398,21,4,Suburban,78579
6825,18,9361,567,33559,40,1,Suburban,164355
7836,0,7070,139,37788,43,4,Suburban,159936
3669,10,13133,977,65465,36,3,Urban,157747
1999,18,6877,512,103476,20,3,Urban,34626
5402,14,6524,858,79892,6,0,Suburban,65117
564,3,3699,617,72327,48,2,Urban,28488
8265,4,10293,117,106706,20,3,Suburban,74935
6908,11,13127,511,42024,22,3,Urban,154989
1937,8,5477,222,82625,43,4,Rural,124198
7369,2,7033,113,37670,45,4,Suburban,155981
5745,3,1421,423,111483,34,1,Suburban,82737
7669,15,13809,943,111629,6,0,Suburban,183697
362,3,8686,311,49222,15,2,Suburban,90308
5537,21,4034,154,62251,30,3,Rural,93740
7918,12,6588,830,78764,23,0,Urban,147380
9465,7,6641,212,40913,56,3,Suburban,147116
631,9,2312,747,63740,44,1,Suburban,143178
3420,8,14716,694,113676,31,0,Rural,112974
4863,8,10187,404,51611,7,4,Suburban,166941
9079,18,8463,727,77835,34,0,Suburban,9748
7406,8,11621,190,56382,40,3,Urban,113729
3610,15,5834,17,22751,24,1,Rural,117876
8093,0,6511,780,115187,6,4,Rural,33134
5132,14,6766,917,78575,0,0,Suburban,67037
3595,10,4845,779,49048,27,2,Suburban,137148
3128,13,4829,727,46532,26,2,Suburban,134397
9139,7,2901,964,94727,51,0,Urban,82402
6835,20,9419,547,26103,44,1,Suburban,164624
3337,6,14798,752,107047,37,0,Rural,111856
7266,3,6359,291,37836,54,3,Rural,57576
9187,7,10538,946,112257,59,0,Suburban,118565
7212,2,13270,526,96238,23,1,Urban,120433
8604,7,8644,351,72533,52,2,Urban,192858
7146,3,6372,320,39476,58,3,Rural,57995
8846,2,11671,718,59348,0,4,Suburban,58761
244,8,5625,956,95410,47,0,Urban,196877
7872,3,6784,86,38113,41,4,Suburban,157623
5213,8,14885,668,77933,58,1,Suburban,145687
6143,19,12927,866,112020,53,0,Rural,113076
1719,0,12417,191,77504,17,4,Rural,39580
8015,7,8771,284,72850,47,2,Urban,194012
1281,14,4383,650,102135,11,0,Urban,159830
6676,9,13104,568,42651,21,3,Urban,155005
3181,20,2784,54,58492,5,1,Urban,89315
1282,7,11082,640,31159,35,1,Rural,116580
3667,8,14577,748,111064,34,0,Rural,111547
6418,0,2979,155,51477,0,1,Suburban,97244
6396,8,9852,709,106850,16,2,Suburban,139301
6933,0,8292,139,91462,35,3,Rural,132438
6427,3,12322,412,81429,16,4,Urban,66146
3935,13,3540,976,64082,21,3,Urban,178830
5848,15,2514,877,68322,62,4,Urban,148771
4347,10,5650,637,35061,16,2,Rural,153717
3081,2,5501,421,50885,53,4,Suburban,162310
6677,1,2743,136,55169,0,1,Suburban,99236
7208,14,12506,759,80332,55,1,Urban,118342
6726,8,9669,627,102057,13,2,Suburban,142109
4150,16,10094,245,121340,6,2,Suburban,120845
6722,14,7826,636,62597,8,2,Rural,46220
3687,16,3767,968,65455,20,3,Urban,178196
5734,0,8489,890,31175,50,4,Rural,150117
6707,2,6286,277,39346,55,3,Rural,54814
6118,19,13571,124,61543,36,1,Suburban,135314
1651,3,12266,720,83692,23,0,Rural,127714
3172,6,1960,648,33895,52,4,Urban,28598
4966,9,2232,673,76230,33,3,Rural,78426
2546,8,6989,718,93062,59,0,Urban,96661
2489,9,5551,252,85520,39,4,Rural,124582
7895,3,10307,190,98404,23,3,Suburban,75184
1869,7,1934,420,34575,20,1,Urban,55722
8410,0,10503,866,70448,34,0,Rural,33693
8308,9,4101,914,25576,48,1,Suburban,197933
6570,15,7742,628,62786,16,2,Rural,46056
7903,0,6638,810,116899,2,4,Rural,34259
8948,0,10029,142,40804,16,2,Suburban,147257
8808,1,10353,122,107641,29,3,Suburban,76015
8846,2,12205,650,64739,9,4,Rural,107171
6770,8,9817,676,103428,17,2,Suburban,140346
3385,2,5499,449,43481,55,4,Suburban,165458
4865,12,8990,284,92804,23,2,Urban,17180
5556,5,2390,661,75902,25,3,Rural,79181
6401,0,11698,266,112370,37,4,Rural,115098
6020,20,4140,60,53761,24,3,Rural,92421
9800,6,8019,172,24531,37,3,Rural,152623
1168,7,8518,661,20685,3,4,Suburban,103334
3480,10,5017,768,55483,33,2,Suburban,137440
8315,10,4117,918,22203,47,1,Suburban,197173
1314,5,10555,568,60936,48,1,Rural,192048
5890,6,4461,833,81988,9,3,Urban,77254
7313,10,13055,538,47709,22,3,Urban,151639
8389,0,11956,634,61347,3,4,Rural,104459
2750,5,5593,288,88217,46,4,Rural,123640
6317,15,1247,564,44080,35,2,Suburban,137544
8033,17,7703,851,115724,33,1,Suburban,32342
8398,16,8103,154,51708,34,0,Urban,36580
8042,1,6765,131,39307,43,4,Suburban,157362
9793,16,9213,337,108461,8,1,Suburban,67595
6722,0,2673,203,53822,3,1,Suburban,99186
9158,17,2134,924,110873,21,0,Suburban,45825
7535,10,6646,804,74374,18,0,Urban,148236
2163,16,5986,811,81378,17,3,Suburban,69954
3489,16,3582,951,64445,28,3,Urban,177693
8569,5,1382,636,60521,53,0,Suburban,60510
8432,2,10507,886,67322,34,0,Rural,34213
2952,0,5686,429,49523,54,4,Suburban,165407
7012,8,5284,726,120423,56,3,Urban,16345
6391,0,8753,860,38474,46,4,Rural,151146
1186,8,3440,584,80315,57,2,Urban,28442
3914,0,9182,390,115017,41,2,Suburban,33401
2316,18,12019,393,96502,51,4,Urban,132777
7314,11,4361,521,85176,46,1,Suburban,49809
4374,8,13354,899,61950,34,3,Urban,159434
9786,14,9079,391,38601,20,0,Suburban,145467
4763,13,6687,880,74749,5,0,Suburban,66946
867,9,2444,684,67375,45,1,Suburban,145316
5545,6,12281,872,87031,51,3,Urban,177800
3039,20,13128,76,90520,18,4,Suburban,81734
5024,3,1495,412,105093,40,1,Suburban,84026
749,1,8469,285,41016,8,2,Suburban,92224
2037,10,7093,703,94635,54,0,Urban,94012
5611,3,4060,337,62650,40,1,Urban,114101
1119,4,11149,643,25758,41,1,Rural,115166
9192,3,3044,923,93627,47,0,Urban,82626
1117,6,8194,704,23691,9,4,Suburban,104018
5082,4,2077,659,80131,24,3,Rural,80882
2418,5,7039,697,88801,57,0,Urban,93370
1773,0,12150,722,85108,25,0,Rural,128500
5676,20,3802,105,60319,23,3,Rural,93870
3842,15,5741,55,27092,25,1,Rural,120326
7936,0,10416,861,76206,39,0,Rural,34756
8541,0,9819,66,46968,23,2,Suburban,148211
1395,4,12147,744,86613,24,0,Rural,129369
4884,4,14403,896,100421,0,1,Urban,160265
9554,12,6780,150,32540,52,3,Suburban,148374
8034,0,9892,92,48307,20,2,Suburban,148251
8660,0,9810,121,48943,14,2,Suburban,145438
5925,20,3997,98,55074,29,3,Rural,94135
1366,18,4491,621,105727,11,0,Urban,159774
1894,17,7987,157,33067,60,0,Rural,100439
8518,13,2227,887,116470,20,0,Suburban,47009
6954,5,2212,725,48618,36,4,Rural,142317
5970,0,4051,339,60717,36,1,Urban,113902
8227,1,6775,860,114390,1,4,Rural,32901
4553,5,8883,272,68030,42,2,Rural,57118
6610,2,8612,859,38135,46,4,Rural,149589
3381,20,13743,259,46317,31,2,Suburban,152162
6519,2,6616,300,42094,59,3,Rural,58043
5290,13,6402,880,82011,0,0,Suburban,63642
3944,13,10252,218,118181,6,2,Suburban,122067
5899,2,8578,868,31401,46,4,Rural,153358
1828,2,1143,145,90354,30,2,Rural,15225
1772,4,1145,157,83185,27,2,Rural,14915
6706,1,9510,1005,116493,44,0,Suburban,179345
3656,2,4941,508,38583,52,0,Urban,59699
7367,16,3242,725,112387,45,0,Urban,139371
6853,3,12529,461,86556,19,4,Urban,65327
7500,10,11640,212,55549,48,3,Urban,113074
3764,11,1684,585,59083,31,1,Suburban,177403
6051,20,13675,129,60972,32,1,Suburban,136129
3663,7,6798,588,80915,6,2,Rural,113528
5679,1,11541,355,110615,42,4,Rural,115791
3269,13,3779,917,59144,21,3,Urban,178786
3943,0,13762,950,47869,24,1,Urban,32783
5482,6,13869,774,26385,53,2,Rural,120397
2270,16,7927,130,35797,58,0,Rural,101486
5172,11,12406,815,90397,56,3,Urban,177838
7091,3,5416,725,116696,60,3,Urban,15967
5481,15,9121,381,91390,20,2,Urban,19157
8215,9,4073,924,16758,40,1,Suburban,199476
3620,7,14780,694,115494,30,0,Rural,112123
4982,10,15188,682,83066,53,1,Suburban,147457
6724,12,12871,528,39736,18,3,Urban,152079
2355,16,6776,468,100487,17,3,Urban,37604
1965,0,12129,692,89059,22,0,Rural,129708
4871,8,15162,666,82311,59,1,Suburban,148234
1353,7,11455,723,31860,36,1,Rural,116367
8623,0,9912,134,47303,23,2,Suburban,147663
3974,0,13810,954,46405,32,1,Urban,34234
5626,3,4512,856,79433,12,3,Urban,78401
3227,17,13879,209,45633,32,2,Suburban,150528
5690,7,4206,867,75703,9,3,Urban,77407
6335,0,8479,101,89428,38,3,Rural,135629
4519,3,14334,837,96721,0,1,Urban,159937
9689,4,8136,147,25696,38,3,Rural,154006
6130,13,937,548,49380,31,2,Suburban,135104
1138,11,5920,132,117980,51,3,Rural,22985
6692,1,8360,80,94212,31,3,Rural,132693
7533,16,6557,758,111656,27,0,Suburban,78837
8828,2,9888,97,43211,22,2,Suburban,147049
7959,16,6671,842,118863,32,0,Suburban,81439
7769,1,13256,526,103795,21,1,Urban,120681
8051,6,5735,193,36324,14,3,Rural,86246
3182,6,1700,523,54990,29,1,Suburban,175689
8038,16,8043,157,57227,34,0,Urban,38332
7209,2,6905,102,36530,45,4,Suburban,156713
5508,6,4453,750,52592,28,1,Urban,50088
8536,0,12141,670,64265,6,4,Rural,106734
7391,10,11755,173,62436,43,3,Urban,114234
6435,0,8190,98,89982,31,3,Rural,134346
7353,19,6356,773,118399,30,0,Suburban,81870
5258,7,12625,835,83082,56,3,Urban,176258
1060,12,5736,988,100304,47,0,Urban,196889
3120,3,5009,485,32910,55,0,Urban,60608
7942,9,8665,293,72953,51,2,Urban,192848
1016,5,12456,734,86775,25,0,Rural,130039
8301,0,11739,749,55585,1,4,Suburban,60210
9560,7,6816,206,39159,50,3,Suburban,148729
6406,0,3012,216,56008,0,1,Suburban,100618
7161,12,6760,822,78112,22,0,Urban,147640
8677,4,10571,168,103778,25,3,Suburban,75213
5558,4,1329,387,112412,35,1,Suburban,84076
2920,18,6100,815,75234,16,3,Suburban,66822
5064,6,12302,833,86787,56,3,Urban,179462
4122,17,5880,26,22788,30,1,Rural,117246
3431,17,14058,194,42311,29,2,Suburban,151707
5474,20,4044,100,61948,24,3,Rural,93707
3929,1,8890,401,115290,39,2,Suburban,34571
712,4,7124,120,69136,3,0,Rural,184244
9479,0,1537,551,62332,5,2,Suburban,52778
927,4,11095,670,25271,41,1,Rural,117337
8192,0,11587,703,57383,0,4,Suburban,59940
5728,3,11757,330,113833,37,4,Rural,115219
7059,15,12499,773,84017,53,1,Urban,116710
3707,11,6813,636,83022,0,2,Rural,115485
1068,10,2395,670,62675,48,1,Suburban,144673
5046,4,14493,889,92735,2,1,Urban,159434
5489,17,13452,163,61767,33,1,Suburban,134706
8576,1,11735,676,56023,5,4,Suburban,59843
5762,4,1153,346,108720,39,1,Suburban,83121
5783,10,12447,784,82066,57,3,Urban,177878
6248,3,4324,850,77721,11,3,Urban,75941
5926,7,4430,881,77466,11,3,Urban,77315
7793,4,6940,63,38965,38,4,Suburban,156195
2855,4,2005,709,37134,51,4,Urban,26405
9144,16,9057,325,115085,9,1,Suburban,68899
8026,15,4758,302,86687,56,4,Suburban,120685
2492,8,5495,272,85249,38,4,Rural,123369
4526,8,6900,559,76534,4,2,Rural,117056
3367,18,13784,241,41290,33,2,Suburban,153178
9996,5,8061,148,22582,40,3,Rural,153792
8983,10,3184,971,47768,7,3,Suburban,113407
8269,19,8011,175,58584,38,0,Urban,36347
8243,0,11721,675,63141,2,4,Suburban,60910
7526,14,4694,276,92804,52,4,Suburban,122831
8606,2,5633,168,36416,13,3,Rural,87376
1643,15,8215,198,29647,54,0,Rural,100682
6826,14,7895,622,60372,12,2,Rural,46118
9245,12,3255,924,42030,12,3,Suburban,111764
5268,11,14978,678,81421,59,1,Suburban,148304
8743,0,9882,122,42088,14,2,Suburban,148280
3133,6,1545,493,60304,23,1,Suburban,178922
7714,16,6653,836,113989,29,0,Suburban,79080
1576,16,6887,495,107555,19,3,Urban,35668
8841,2,11864,684,62639,7,4,Suburban,59960
8343,8,11783,178,62049,46,3,Urban,113747
5397,20,13239,913,118024,59,0,Rural,114098
5403,6,12415,853,80711,55,3,Urban,177605
3460,0,5600,388,50875,57,4,Suburban,162270
7539,3,1843,883,43118,18,4,Rural,115479
7851,9,6522,812,79493,14,0,Urban,148334
1721,7,10723,627,63574,55,1,Rural,193373
7662,13,12420,752,80041,54,1,Urban,117975
549,7,11269,705,26128,42,1,Rural,116645
5611,5,2267,634,84453,26,3,Rural,78508
7692,17,9202,96,109849,40,1,Rural,129272
8029,18,11674,961,108646,9,4,Suburban,144590
2961,0,5680,449,43837,62,4,Suburban,164738
1573,11,5785,114,114280,51,3,Rural,23469
8741,6,1069,705,62778,52,0,Suburban,61248
1998,0,12222,186,83750,14,4,Rural,38765
2262,5,5409,268,90424,45,4,Rural,124973
2280,5,5571,266,90099,41,4,Rural,123818
692,13,5646,963,94819,49,0,Urban,196825
4107,17,6029,29,23911,31,1,Rural,118880
7664,14,8077,816,119967,33,1,Suburban,34253
3015,19,14111,266,44786,32,2,Suburban,152105
1457,12,6045,101,115916,47,3,Rural,22933
8815,6,10292,191,102352,26,3,Suburban,75944
10074,13,9335,397,42620,19,0,Suburban,146592
2515,8,5514,222,82928,40,4,Rural,125902
5812,5,13665,787,21765,55,2,Rural,119691
9517,1,3405,643,52987,45,4,Rural,135953
7629,14,7866,822,115939,36,1,Suburban,34664
3477,20,2820,75,58660,4,1,Urban,90268
700,4,7078,120,65972,7,0,Rural,183698
7688,5,5547,686,113148,56,3,Urban,14661
1346,11,5883,92,114538,53,3,Rural,26186
6518,16,7695,631,68409,9,2,Rural,44882
6652,7,9822,642,100958,8,2,Suburban,140197
1791,6,10665,618,60791,52,1,Rural,195360
979,0,8515,261,45065,13,2,Suburban,90869
4782,14,9084,290,90205,16,2,Urban,18777
2204,2,12367,149,79550,22,4,Rural,38324
2781,10,7276,693,90389,61,0,Urban,96383
5646,17,5889,803,57306,36,0,Suburban,15661
5803,5,4439,852,83404,5,3,Urban,76475
4671,10,6601,922,79173,3,0,Suburban,63391
6528,0,2901,122,57110,0,1,Suburban,98815
2314,17,6069,808,78142,17,3,Suburban,67720
9910,2,3139,673,55946,41,4,Rural,138195
5854,5,4289,890,82451,12,3,Urban,76608
8263,5,5755,221,37030,9,3,Rural,84561
757,3,8597,248,40779,6,2,Suburban,92549
5076,17,2579,888,69806,56,4,Urban,145410
1376,4,3694,544,72643,48,2,Urban,31517
7175,20,3273,728,113754,44,0,Urban,138054
8855,0,9977,126,50281,18,2,Suburban,144961
6770,1,8236,142,88181,37,3,Rural,134147
5007,16,9044,357,96885,23,2,Urban,19035
7484,6,11640,215,58049,43,3,Urban,116226
5638,8,4274,98,76012,55,4,Urban,38198
666,3,7151,100,66436,3,0,Rural,181422
2082,15,6716,515,98192,17,3,Urban,37208
1825,20,11869,388,92308,47,4,Urban,130060
6197,7,4327,805,55343,26,1,Urban,47616
6921,17,9331,549,25926,42,1,Suburban,166399
1861,18,11928,353,92132,50,4,Urban,130195
8323,7,3363,933,44903,11,3,Suburban,110524
2828,16,13765,202,43989,34,2,Suburban,152124
1170,16,2243,847,27384,19,4,Rural,150032
3394,1,5472,379,46530,62,4,Suburban,163270
8562,9,8791,295,76251,51,2,Urban,193569
3656,17,3840,976,65659,26,3,Urban,180723
1092,16,4290,634,103540,9,0,Urban,159135
3605,12,3714,954,62089,29,3,Urban,177701
9889,19,1950,142,34106,12,1,Rural,148052
1908,20,11727,314,96178,44,4,Urban,130175
2684,2,10174,161,64460,0,0,Suburban,155307
6951,16,12393,766,82240,51,1,Urban,117046
3234,2,5144,458,35849,48,0,Urban,58473
3329,6,1466,501,59275,30,1,Suburban,177383
3542,0,5500,441,50305,58,4,Suburban,162244
9357,7,8008,177,26015,38,3,Rural,153287
4426,3,14590,878,92789,3,1,Urban,160134
3841,10,1639,508,56632,28,1,Suburban,178314
4393,11,5494,631,36507,13,2,Rural,151941
913,13,6009,124,117497,47,3,Rural,25565
7828,14,12558,792,82106,55,1,Urban,118895
3929,0,13611,950,47132,26,1,Urban,33162
6976,5,5387,757,121876,61,3,Urban,17104
9339,4,7933,115,25171,42,3,Rural,153002
5420,5,4394,797,57371,26,1,Urban,47742
3332,16,3853,938,61364,27,3,Urban,178251
5316,14,2592,826,64942,61,4,Urban,146209
3182,4,14734,704,113266,39,0,Rural,112013
6843,9,12824,555,44343,19,3,Urban,151608
7397,16,12356,783,81455,54,1,Urban,117955
5248,7,14673,858,101474,0,1,Urban,160093
8681,19,11430,1003,105580,12,4,Suburban,147167
9362,19,1686,101,37388,20,1,Rural,147551
6176,7,4297,837,51912,25,1,Urban,50370
5765,18,4125,113,54228,30,3,Rural,91627
7235,6,5505,685,118931,61,3,Urban,14866
7267,17,13966,961,104698,7,0,Suburban,184022
4564,8,15004,714,85117,59,1,Suburban,145497
1481,16,4494,658,102247,13,0,Urban,158113
7844,16,4718,279,89485,58,4,Suburban,121062
1038,11,6162,102,122926,49,3,Rural,26281
752,12,5783,1015,99808,41,0,Urban,195766
6025,13,2587,805,68482,61,4,Urban,146793
5159,10,14983,702,83234,53,1,Suburban,147211
5636,5,1410,438,113147,42,1,Suburban,82161
6421,13,1097,544,42480,33,2,Suburban,136314
8777,11,4476,176,35448,2,2,Rural,140176
9527,5,10745,927,111428,62,0,Suburban,116248
8827,1,1776,557,66023,5,2,Suburban,54558
6316,17,7647,620,62224,11,2,Rural,43835
1860,14,8165,119,36666,61,0,Rural,100680
839,20,1294,446,104035,48,2,Urban,147964
7592,0,13197,462,98957,19,1,Urban,120701
6022,7,12340,798,82522,56,3,Urban,176411
6489,0,8205,119,87464,36,3,Rural,132614
8204,2,11619,674,62843,0,4,Suburban,58889
3679,16,3871,913,58495,29,3,Urban,180829
1654,12,6131,76,122372,52,3,Rural,24042
8828,1,10447,916,71902,42,0,Rural,34773
1868,13,8094,146,29381,54,0,Rural,99945
2688,7,1785,721,33188,50,4,Urban,28834
7321,15,4809,287,84242,52,4,Suburban,121013
4875,18,10134,267,115642,0,2,Suburban,124363
9960,5,7771,104,21777,44,3,Rural,151578
6047,8,12263,823,88943,54,3,Urban,177088
4046,1,8914,377,118848,41,2,Suburban,34219
9002,12,9142,398,111873,11,1,Suburban,66177
7689,7,11899,156,56168,40,3,Urban,113190
4439,18,10194,276,116951,0,2,Suburban,122062
9064,17,1912,856,115924,17,0,Suburban,45474
8544,0,10020,92,48826,20,2,Suburban,146246
9661,16,9067,312,106892,7,1,Suburban,66184
2588,19,12945,95,85043,24,4,Suburban,80867
6550,19,7807,678,64835,14,2,Rural,43377
6452,2,9408,946,116356,47,0,Suburban,181406
2168,0,12153,163,80192,18,4,Rural,39371
2646,9,7170,724,90781,53,0,Urban,94780
6142,0,2923,135,49273,0,1,Suburban,100300
4796,4,8663,335,71505,49,2,Rural,56401
5802,5,4507,108,83988,51,4,Urban,40608
2065,7,1860,424,30401,17,1,Urban,53707
7243,0,13276,522,100010,25,1,Urban,119304
5500,5,1347,370,107929,36,1,Suburban,82850
6546,16,1085,530,48552,34,2,Suburban,134530
9778,0,3209,648,48874,45,4,Rural,139335
8281,0,9992,137,43644,16,2,Suburban,147378
1047,3,1205,123,84563,36,2,Rural,13408
6701,10,13137,592,43097,19,3,Urban,151533
9792,16,8492,798,78006,38,0,Suburban,11399
466,6,3716,576,71797,55,2,Urban,28171
6353,6,9737,614,98723,11,2,Suburban,140058
6983,8,5516,749,112614,62,3,Urban,16029
5590,6,13941,787,19711,60,2,Rural,121919
8917,16,2054,878,114598,18,0,Suburban,46118
6334,16,1201,523,43534,36,2,Suburban,135788
8284,3,1320,635,60667,47,0,Suburban,63187
3583,9,4883,758,47236,31,2,Suburban,137730
1176,7,8346,710,23513,6,4,Suburban,105968
6424,2,9614,968,114018,42,0,Suburban,181220
394,1,7202,105,64863,2,0,Rural,183815
3567,6,5491,631,30489,7,2,Rural,151677
4379,10,10312,343,56595,7,4,Suburban,165224
339,16,1389,440,104685,49,2,Urban,145940
5118,9,6575,881,82802,2,0,Suburban,64401
9303,17,1659,110,33602,14,1,Rural,148664
7600,9,11815,251,61806,48,3,Urban,113992
9717,18,9382,440,43135,14,0,Suburban,145180
6273,18,3916,108,57073,28,3,Rural,91692
5259,17,13569,167,58458,37,1,Suburban,134417
7413,12,12807,517,40066,24,3,Urban,153742
8132,9,4533,164,27560,9,2,Rural,141544
5563,7,4193,795,57541,29,1,Urban,49936
7837,12,4485,542,86226,41,1,Suburban,48453
5375,18,13032,832,119254,60,0,Rural,114570
1566,15,11799,336,94859,46,4,Urban,130290
7085,5,2150,716,45951,39,4,Rural,140378
3188,6,14605,750,112116,27,4,Urban,175966
5049,8,14801,714,83278,56,1,Suburban,145702
587,8,5652,935,93342,44,0,Urban,195689
1205,1,1276,123,89577,28,2,Rural,12749
8473,0,6551,797,108983,2,4,Rural,34700
9265,13,8854,313,116173,14,1,Suburban,65551
7029,19,9313,174,113629,44,1,Rural,129456
10119,0,3409,618,53623,45,4,Rural,136203
5768,5,4306,858,83029,3,3,Urban,78671
4938,12,15062,724,77882,54,1,Suburban,149061
9475,15,9012,332,111336,6,1,Suburban,65747
8681,6,10339,196,99070,20,3,Suburban,74462
7348,12,4416,448,88582,49,1,Suburban,50454
7284,4,5276,699,121730,61,3,Urban,14869
5433,17,9177,303,90805,20,2,Urban,18430
1136,8,11231,716,23599,35,1,Rural,117442
8880,2,9968,116,48890,14,2,Suburban,147023
3759,10,13409,959,58806,40,3,Urban,158623
398,6,11396,679,23926,35,1,Rural,114599
8869,17,11696,855,22658,26,4,Urban,120809
289,9,5573,1024,92271,41,0,Urban,196725
5831,13,2572,866,68375,59,4,Urban,146952
9506,16,9025,374,109912,11,1,Suburban,66831
7621,19,6521,790,114193,35,0,Suburban,81518
5747,16,5366,891,56244,19,0,Urban,54410
6847,13,13396,784,110275,26,1,Suburban,77580
885,4,11302,720,31946,36,1,Rural,114895
4382,4,14391,881,93621,0,1,Urban,159507
1169,5,12177,721,88233,25,0,Rural,129330
7739,12,12324,747,82992,52,1,Urban,117284
8041,2,10678,900,72315,42,0,Rural,32190
1331,3,12436,908,108412,35,0,Urban,150141
2017,7,5444,263,83108,39,4,Rural,125306
4107,9,10285,342,55511,7,4,Suburban,166448
6403,0,8258,59,88741,36,3,Rural,134195
7234,1,12388,436,81962,16,4,Urban,64669
8402,2,10178,94,40415,18,2,Suburban,148193
2725,18,2786,64,62795,2,1,Urban,88938
8018,8,4488,532,90831,43,1,Suburban,51658
4802,7,2160,617,85497,28,3,Rural,79723
7578,8,4485,475,85417,46,1,Suburban,50310
808,12,5807,947,90721,40,0,Urban,197428
5788,0,11778,340,113067,43,4,Rural,113080
7139,20,9176,557,26782,42,1,Suburban,165698
8088,4,1775,926,38890,23,4,Rural,116761
8308,20,8382,118,53353,32,0,Urban,36083
3554,6,2157,660,41028,46,4,Urban,28658
5726,5,4608,84,84804,56,4,Urban,38355
2798,16,13782,235,45232,30,2,Suburban,149959
2341,18,11839,412,88838,47,4,Urban,132340
4067,14,3895,935,63011,21,3,Urban,177836
5355,9,14903,718,79419,58,1,Suburban,147807
3385,8,13422,954,60597,37,3,Urban,157332
3989,0,9098,435,110120,41,2,Suburban,33913
1470,7,1846,477,28254,20,1,Urban,55664
6461,3,11494,339,111171,43,4,Rural,115670
5709,15,2634,811,66110,59,4,Urban,148311
827,18,4380,651,105240,11,0,Urban,158472
2736,20,12982,66,90805,18,4,Suburban,80204
5379,0,4028,321,64147,35,1,Urban,116567
3365,4,14396,780,104002,19,4,Urban,174345
7871,17,6530,777,113327,35,0,Suburban,81293
6934,2,8182,104,90430,37,3,Rural,134158
7774,1,6641,818,110964,7,4,Rural,31923
8682,20,8143,95,53172,38,0,Urban,35136
6093,17,5343,920,53965,20,0,Urban,54090
6016,7,12405,786,80438,57,3,Urban,177329
2601,9,7101,672,87140,62,0,Urban,96355
4427,1,8998,414,118331,40,2,Suburban,34265
5047,7,4280,156,85644,57,4,Urban,40073
1449,11,5964,112,116757,52,3,Rural,26229
9356,2,3131,618,53708,48,4,Rural,135701
3786,7,1746,569,51399,24,1,Suburban,176683
5831,6,12462,808,89004,49,3,Urban,178183
9113,13,11737,873,22586,29,4,Urban,120709
9752,14,8565,708,75183,41,0,Suburban,12812
5447,5,1137,421,108746,40,1,Suburban,83650
2716,2,5348,416,46989,54,4,Suburban,161646
9655,8,10755,952,118769,60,0,Suburban,119223
6947,0,8500,67,89231,37,3,Rural,135286
4749,10,6740,844,82382,8,0,Suburban,63327
1000,5,11253,648,31005,41,1,Rural,117315
1908,19,11799,364,96565,44,4,Urban,130626
5719,6,4252,894,79525,3,3,Urban,76458
4919,10,6631,877,82637,1,0,Suburban,66637
8632,0,9808,116,43062,15,2,Suburban,145169
6288,3,8842,917,37900,46,4,Rural,150309
8244,6,1212,666,59767,50,0,Suburban,61335
9620,7,10825,871,115988,56,0,Suburban,120202
872,9,11086,642,31665,42,1,Rural,116745
3047,20,13979,271,45169,31,2,Suburban,152427
9188,20,4353,707,89582,44,4,Rural,113196
7493,12,4994,323,85128,56,4,Suburban,119208
8479,7,8568,315,80872,56,2,Urban,193591
3111,9,4991,732,46720,35,2,Suburban,136793
8051,21,8384,151,50732,30,0,Urban,35163
1635,4,12492,723,82521,24,0,Rural,129186
6763,13,13002,521,40025,20,3,Urban,153784
1699,16,2237,800,30446,19,4,Rural,148986
2353,7,5389,252,88389,40,4,Rural,125818
6577,1,8245,48,93752,32,3,Rural,132145
8730,18,11514,975,102355,12,4,Suburban,145900
6985,12,13453,762,108934,22,1,Suburban,76838
455,4,11240,689,23411,42,1,Rural,115695
9137,20,1745,121,33543,17,1,Rural,146505
899,0,7061,58,70124,2,0,Rural,181639
7091,8,5263,698,116837,57,3,Urban,14877
7151,4,9605,614,107590,13,2,Suburban,139610
2181,0,12440,241,74942,15,4,Rural,40205
7092,4,12250,476,81122,17,4,Urban,64862
2666,4,10515,142,68271,3,0,Suburban,157237
678,2,8637,244,40860,14,2,Suburban,92401
8308,1,11555,678,61803,3,4,Suburban,61237
5790,0,11577,334,108713,38,4,Rural,115601
8584,2,10402,853,73973,36,0,Rural,32651
1512,3,8523,645,26880,11,4,Suburban,105674
8612,10,3320,939,43648,7,3,Suburban,111000
1960,6,12307,954,111658,34,0,Urban,150735
2835,6,14693,751,115331,32,0,Rural,110695
5473,16,9077,318,97830,22,2,Urban,16459
7651,10,11863,166,58574,46,3,Urban,115246
6600,5,9453,933,109937,42,0,Suburban,180352
8002,10,6417,758,82952,16,0,Urban,148363
2105,17,6766,463,98028,22,3,Urban,35321
2872,7,5394,226,82462,46,4,Rural,126555
8562,17,8213,126,52920,36,0,Urban,35503
10428,16,9015,409,37742,18,0,Suburban,144337
2125,7,1945,408,25632,18,1,Urban,56048
3875,7,1543,503,59255,28,1,Suburban,176830
6912,0,13321,450,99960,18,1,Urban,120764
859,14,4170,637,107922,4,0,Urban,160132
2478,2,3850,885,95764,26,1,Rural,83686
2895,3,1920,734,40529,45,4,Urban,26583
2862,19,5855,799,74210,9,3,Suburban,69078
1444,0,12277,666,86434,25,0,Rural,130255
5711,4,4463,753,57459,32,1,Urban,47729
6386,16,3852,98,57817,29,3,Rural,92034
7501,16,14007,878,109363,6,0,Suburban,186207
2967,13,4949,823,54422,31,2,Suburban,135487
928,14,4519,655,104575,4,0,Urban,161602
6995,13,13281,825,114083,28,1,Suburban,76219
1910,10,5534,192,88058,43,4,Rural,123619
8524,8,2766,965,91444,47,0,Urban,83952
6049,12,2628,857,63190,59,4,Urban,147141
3407,13,3842,914,60709,22,3,Urban,178737
7562,15,6621,759,118506,26,0,Suburban,79194
7370,21,9420,481,28801,43,1,Suburban,164471
9361,19,1824,165,41544,13,1,Rural,147488
3812,1,13784,949,45258,24,1,Urban,34846
7047,1,12337,504,82464,12,4,Urban,65928
433,8,11116,642,29112,38,1,Rural,117510
6219,18,5893,797,60552,41,0,Suburban,12895
8234,0,11712,708,57396,0,4,Suburban,58633
6509,14,7566,610,63326,11,2,Rural,45785
6547,0,9549,982,110150,45,0,Suburban,182227
9493,15,8471,759,74667,37,0,Suburban,10785
5753,15,5024,877,55255,20,0,Urban,51954
4833,13,10253,267,118754,4,2,Suburban,120520
9700,5,7748,92,23620,42,3,Rural,151774
2474,17,13732,195,39087,28,2,Suburban,152875
4349,16,10340,205,117023,3,2,Suburban,122854
4174,9,5552,621,35531,9,2,Rural,153564
9603,0,3185,702,49470,44,4,Rural,136800
10082,0,3368,612,48719,46,4,Rural,137561
180,17,1135,476,102655,46,2,Urban,144562
6543,13,13170,594,45066,27,3,Urban,151907
2966,5,2052,647,41382,50,4,Urban,27537
9363,0,1654,508,63636,13,2,Suburban,55965
1681,17,1873,878,22768,22,4,Rural,149818
1216,8,2221,730,70463,42,1,Suburban,144592
7320,17,6729,771,114712,26,0,Suburban,81485
3934,17,6076,57,19714,22,1,Rural,119051
7364,8,4279,527,88485,48,1,Suburban,48834
7119,13,13642,825,116321,31,1,Suburban,78199
5331,17,13313,837,113485,59,0,Rural,112492
4766,6,14321,868,95725,0,1,Urban,160610
10253,13,9070,462,38161,13,0,Suburban,144547
7739,15,12405,734,88233,52,1,Urban,116101
8487,0,12229,599,63113,3,4,Rural,106954
5550,4,2117,661,76283,30,3,Rural,79477
8697,2,5697,210,39910,15,3,Rural,84607
763,8,11178,643,31392,41,1,Rural,114283
6747,18,7552,608,69527,13,2,Rural,45153
9022,14,11916,830,24207,28,4,Urban,119452
9376,15,9166,329,107261,10,1,Suburban,67040
2715,20,6091,836,72811,10,3,Suburban,68805
8484,1,5679,161,35909,12,3,Rural,85937
7710,1,6726,833,111043,9,4,Rural,33232
8011,18,8368,136,54040,36,0,Urban,36172
6037,13,5048,951,52515,17,0,Urban,51960
8369,4,1089,662,54469,52,0,Suburban,60886
874,9,6127,108,120721,50,3,Rural,23053
9886,18,9295,430,42571,18,0,Suburban,143712
8224,0,6563,778,117393,3,4,Rural,32575
1685,5,1094,91,84069,31,2,Rural,13689
5735,3,9558,970,109485,48,0,Suburban,179531
4505,9,6781,596,86025,7,2,Rural,114527
4149,9,7051,582,80610,0,2,Rural,115353
4486,0,9163,399,118805,42,2,Suburban,31200
6509,13,13021,520,45122,22,3,Urban,151611
9406,16,1907,156,40132,13,1,Rural,146844
5835,0,11772,283,106552,39,4,Rural,114548
9732,7,7930,160,28930,39,3,Rural,151477
8946,21,4177,200,63606,30,0,Urban,158980
2804,19,13932,244,38315,34,2,Suburban,151898
2675,3,2179,678,38108,45,4,Urban,28124
3018,17,12958,106,84351,24,4,Suburban,78607
1054,3,8526,667,19156,10,4,Suburban,103996
5795,10,4565,115,78753,53,4,Urban,40462
3310,15,5976,21,24834,30,1,Rural,116985
3313,1,5165,501,35563,57,0,Urban,61803
4848,8,10182,432,57162,9,4,Suburban,164426
7940,10,8672,324,82316,51,2,Urban,195577
8632,3,2981,979,94281,46,0,Urban,83869
4827,12,10204,416,57574,11,4,Suburban,166764
8670,2,1270,666,63127,48,0,Suburban,59992
8689,7,2830,925,93460,53,0,Urban,85411
3013,3,10410,152,63362,0,0,Suburban,155447
2769,6,14773,737,110230,35,0,Rural,112053
8767,17,4140,167,62774,28,0,Urban,159067
7187,14,9277,136,108333,44,1,Rural,127891
4037,13,5893,35,22358,27,1,Rural,117149
1769,5,12156,680,84132,21,0,Rural,127416
9213,5,2958,908,90718,45,0,Urban,84086
1969,18,7892,176,29523,54,0,Rural,100007
4061,13,10309,363,52419,12,4,Suburban,163992
6653,0,6612,333,41521,53,3,Rural,57122
3379,0,2086,568,82236,16,0,Urban,198199
9045,20,4094,167,59547,23,0,Urban,159515
3292,7,14815,750,114080,32,0,Rural,110287
7925,11,6681,841,82621,17,0,Urban,146085
8250,9,4038,890,22741,45,1,Suburban,199305
4038,13,5838,67,19210,30,1,Rural,119012
6193,18,6257,860,55319,35,0,Suburban,16314
5851,1,9441,952,107433,45,0,Suburban,179252
465,1,7187,134,64471,8,0,Rural,183962
5916,19,13135,818,118821,54,0,Rural,114649
8541,12,3059,919,42696,16,3,Suburban,111577
1925,4,12156,929,112426,32,0,Urban,150346
6445,12,12953,543,44931,27,3,Urban,153873
9788,1,3508,700,51887,46,4,Rural,136932
7202,12,12955,594,42646,26,3,Urban,152036
8015,21,11442,941,105878,14,4,Suburban,145542
3678,2,2333,562,85829,22,0,Urban,195251
8269,0,11905,675,56252,2,4,Suburban,60964
8366,4,5656,211,42581,9,3,Rural,85649
6901,5,12282,478,87479,12,4,Urban,65923
4624,16,9954,224,117316,4,2,Suburban,123371
1599,4,8231,678,28231,3,4,Suburban,103611
6482,14,13273,792,108797,30,1,Suburban,76607
4559,5,8893,255,68387,43,2,Rural,58250
7561,13,7798,868,113148,33,1,Suburban,32543
9215,15,1729,136,41622,14,1,Rural,146887
5745,10,4490,105,84420,51,4,Urban,39744
498,4,8737,229,42152,11,2,Suburban,90687
7489,0,13144,499,94692,22,1,Urban,119093
9323,7,7972,148,21985,44,3,Rural,153607
3736,1,13741,965,44622,25,1,Urban,34206
7738,4,1710,864,34854,19,4,Rural,115328
6795,15,7514,632,60700,13,2,Rural,43623
4946,10,4331,103,79555,58,4,Urban,37319
7887,20,8381,105,56424,34,0,Urban,35161
5252,10,12604,814,83817,57,3,Urban,177383
5282,14,6714,915,82327,9,0,Suburban,65660
5336,17,13020,884,114300,59,0,Rural,113598
9068,2,12031,621,60078,3,4,Rural,105705
5866,16,13213,835,111521,56,0,Rural,111740
1990,4,12154,964,111299,41,0,Urban,152324
8841,2,10679,926,69479,42,0,Rural,32894
8307,2,10571,123,99303,23,3,Suburban,75270
3340,8,1665,544,55898,25,1,Suburban,178691
8449,1,10623,127,103866,21,3,Suburban,73293
3433,11,5000,779,48253,30,2,Suburban,134485
6452,2,2906,196,51918,0,1,Suburban,99855
5140,4,2039,638,76993,31,3,Rural,80551
8333,4,1217,630,61014,51,0,Suburban,61803
386,13,5591,958,99964,45,0,Urban,198370
3824,16,6060,37,23782,23,1,Rural,119791
5185,12,15038,705,84830,54,1,Suburban,147769
7056,18,9418,477,32409,49,1,Suburban,164016
6710,0,9495,937,109703,50,0,Suburban,180715
2723,2,10133,182,70005,6,0,Suburban,154514
822,5,11449,641,28374,38,1,Rural,116386
9237,16,2160,862,118184,14,0,Suburban,47998
815,9,5517,964,93737,41,0,Urban,197791
9084,12,6585,195,41125,55,3,Suburban,145245
7383,16,9421,482,24568,45,1,Suburban,165489
7317,5,2093,738,49989,40,4,Rural,143108
7429,18,6356,786,119647,32,0,Suburban,81637
6256,0,9357,922,116385,42,0,Suburban,179589
5705,15,2736,878,69715,53,4,Urban,147262
1737,10,6005,92,120064,56,3,Rural,24907
6207,6,4522,876,79786,4,3,Urban,77733
6311,5,9832,613,101588,17,2,Suburban,140007
8242,6,5736,198,38133,8,3,Rural,83830
1215,17,4236,598,109098,4,0,Urban,158636
8824,0,1530,554,66669,9,2,Suburban,55201
6538,5,4368,877,80403,5,3,Urban,75930
7810,13,4304,528,91554,41,1,Suburban,51200
3066,9,4833,801,49558,33,2,Suburban,134493
1680,13,2231,787,25305,19,4,Rural,148065
2309,20,5966,805,73251,17,3,Suburban,69550
6082,3,11691,288,112348,37,4,Rural,114455
6120,20,3804,146,53455,31,3,Rural,91719
7744,0,13329,521,98509,24,1,Urban,119839
1574,1,12295,958,108333,32,0,Urban,151949
3934,8,6901,574,80216,0,2,Rural,115268
4476,4,8973,268,65875,45,2,Rural,58521
1161,0,12136,694,84730,24,0,Rural,128068
8035,4,6768,111,41670,40,4,Suburban,159462
913,11,5647,1007,92074,44,0,Urban,197169
5734,17,6201,821,52084,42,0,Suburban,16186
3045,20,5804,813,76375,14,3,Suburban,68948
1807,18,12101,325,91265,48,4,Urban,129623
7969,19,6465,762,114695,32,0,Suburban,81393
4727,12,6416,901,83889,3,0,Suburban,66831
7468,14,12500,769,88751,52,1,Urban,117232
3683,12,3887,947,65227,23,3,Urban,180186
1802,15,7937,178,30969,57,0,Rural,103725
8785,16,4017,156,59002,25,0,Urban,159417
6039,0,11702,315,113027,42,4,Rural,115712
1308,5,12324,932,111853,40,0,Urban,152978
5629,21,3873,71,55418,24,3,Rural,94653
3053,17,12779,25,83476,22,4,Suburban,79687
5653,6,4278,840,78265,3,3,Urban,78774
9910,7,10732,880,118376,53,0,Suburban,116493
2767,9,7074,664,92232,56,0,Urban,95243
8923,0,1796,571,67553,14,2,Suburban,52357
3370,1,2192,526,81585,21,0,Urban,198437
1758,4,10818,636,61432,48,1,Rural,195397
7457,6,11592,237,63122,41,3,Urban,115070
2694,19,5968,868,79540,9,3,Suburban,66784
2785,19,13100,83,92375,25,4,Suburban,78974
7763,18,13866,869,104272,4,0,Suburban,185454
1090,4,12356,893,110987,38,0,Urban,152843
630,0,8413,244,46606,14,2,Suburban,93773
1464,6,3687,584,78638,53,2,Urban,31629
6097,14,5270,902,55163,23,0,Urban,54698
7690,0,13289,456,101259,17,1,Urban,121579
9834,7,7986,183,20208,46,3,Rural,151068
1329,8,2226,739,72004,51,1,Suburban,146225
4481,2,8792,336,72837,48,2,Rural,58334
7865,1,13394,473,103164,22,1,Urban,119017
7901,8,11672,229,60576,40,3,Urban,114348
1611,7,2017,421,26700,19,1,Urban,56088
4428,8,10309,356,51894,5,4,Suburban,163980
3263,12,3771,989,67507,23,3,Urban,179896
354,1,8663,279,45246,14,2,Suburban,92977
6086,0,3966,387,55874,34,1,Urban,116107
7858,10,8554,347,76544,49,2,Urban,194035
5969,5,4314,780,50576,23,1,Urban,47613
7596,7,6728,801,82009,20,0,Urban,146355
2520,17,14100,212,42963,33,2,Suburban,150490
9978,5,10764,896,110783,62,0,Suburban,116937
9648,0,3256,614,56915,42,4,Rural,138019
8895,13,9164,393,115020,10,1,Suburban,66819
4101,1,9078,445,110366,38,2,Suburban,34290
6761,11,12861,602,43552,21,3,Urban,151411
3568,0,4885,454,37348,53,0,Urban,61839
5592,20,4037,68,54204,32,3,Rural,92367
6344,7,4384,869,78539,10,3,Urban,76616
2783,19,2859,106,55059,4,1,Urban,88325
8618,0,10666,886,67510,37,0,Rural,34016
7033,11,12845,538,43752,27,3,Urban,152694
7157,5,5612,739,119612,54,3,Urban,15685
8808,16,11303,1005,102101,11,4,Suburban,144584
8202,0,10432,901,67588,43,0,Rural,34501
6909,19,3258,766,107861,49,0,Urban,135615
9119,12,3042,999,43830,15,3,Suburban,113978
7984,6,10251,181,104001,27,3,Suburban,73136
5319,15,2548,846,69217,56,4,Urban,146169
8046,5,11781,230,63734,46,3,Urban,113159
1995,2,2131,473,31377,20,1,Urban,56690
7351,4,13340,475,104058,18,1,Urban,119958
7762,13,4670,308,91452,59,4,Suburban,121095
7362,0,13373,501,99305,25,1,Urban,121410
6307,16,3864,109,62662,26,3,Rural,94157
8210,2,5742,156,42257,7,3,Rural,86017
7196,3,13340,504,99257,25,1,Urban,119425
4728,12,6675,882,80706,4,0,Suburban,67032
5703,8,13674,762,21986,54,2,Rural,123114
7145,12,12515,746,79332,58,1,Urban,119519
1645,3,1128,148,84089,32,2,Rural,15163
509,20,1065,434,101454,49,2,Urban,146795
9102,13,1945,851,108666,12,0,Suburban,45024
9424,17,4396,718,93610,44,4,Rural,114904
2508,21,14112,202,38227,31,2,Suburban,152728
7176,3,12444,411,82295,13,4,Urban,65135
1596,14,7892,194,31459,54,0,Rural,102984
2703,20,5890,881,76447,15,3,Suburban,69324
8028,8,8602,321,78210,55,2,Urban,194148
9299,7,3075,934,91013,46,0,Urban,81723
7520,20,14038,875,105021,8,0,Suburban,184753
2000,5,12343,894,112995,40,0,Urban,153093
7387,20,13940,869,110265,4,0,Suburban,183320
8040,10,11927,247,59265,46,3,Urban,114683
7404,7,2096,673,44026,35,4,Rural,141989
2690,21,13987,267,36374,32,2,Suburban,152964
2177,10,5401,224,82596,44,4,Rural,126685
4290,14,9971,219,121472,5,2,Suburban,123215
9292,12,6562,228,32168,51,3,Suburban,145275
6499,17,9316,545,32865,48,1,Suburban,165058
7492,7,1895,753,45508,40,4,Rural,141818
7379,6,2179,691,49717,39,4,Rural,140571
8014,12,6680,815,79304,17,0,Urban,146721
9933,17,1731,93,36747,13,1,Rural,145705
5438,21,13195,877,113429,54,0,Rural,114544
3924,12,6979,611,83768,6,2,Rural,114673
5207,9,4538,74,82693,50,4,Urban,37545
4929,5,14466,861,93895,1,1,Urban,158835
4582,6,14688,853,100241,0,1,Urban,158774
3709,9,6877,621,81537,2,2,Rural,115302
6267,17,7780,697,69132,11,2,Rural,46254
3523,0,5438,430,45927,58,4,Suburban,161812
3478,0,13895,879,47785,28,1,Urban,33086
6555,13,927,597,50139,33,2,Suburban,133977
7490,11,6440,789,80854,22,0,Urban,145746
6132,14,5273,910,53010,19,0,Urban,52059
1005,1,8393,268,43471,15,2,Suburban,90635
3165,5,14386,775,106464,27,4,Urban,173434
6176,8,13874,718,22057,62,2,Rural,122814
2913,21,14086,229,36902,30,2,Suburban,150779
2077,15,11947,392,92943,51,4,Urban,132695
3057,0,5648,428,48074,58,4,Suburban,161635
6921,16,7530,668,61398,8,2,Rural,45772
6773,4,12354,504,83672,15,4,Urban,66513
1669,4,8505,635,23527,11,4,Suburban,105888
8809,17,11620,945,105408,13,4,Suburban,146489
871,9,11287,732,28140,41,1,Rural,115101
5549,5,4257,146,76404,57,4,Urban,39448
5304,19,12984,833,115164,55,0,Rural,111291
9432,18,4085,206,61746,22,0,Urban,159275
6842,5,12413,494,85172,14,4,Urban,63760
8081,16,8340,127,57113,37,0,Urban,37103
7278,13,12314,741,81365,56,1,Urban,119566
4330,9,6662,600,79777,0,2,Rural,116535
2470,18,6888,490,97907,18,3,Urban,34597
9756,18,8642,792,80055,35,0,Suburban,11372
4120,14,5742,52,19452,31,1,Rural,118106
4745,3,14640,880,97119,0,1,Urban,158913
4685,2,8800,386,118092,36,2,Suburban,32237
1850,5,8481,657,23524,7,4,Suburban,106621
8863,19,4095,137,61738,25,0,Urban,158161
5588,7,4294,60,85469,51,4,Urban,38330
4832,13,6556,875,80315,1,0,Suburban,65565
2712,18,5988,857,77685,17,3,Suburban,68803
3347,17,6016,76,22358,22,1,Rural,119432
7506,9,4535,510,94036,49,1,Suburban,48558
2922,16,2782,123,62095,2,1,Urban,90503
5995,2,9321,1006,115452,48,0,Suburban,181850
7281,4,2166,657,47083,36,4,Rural,140066
2452,20,5847,847,78906,15,3,Suburban,66477
8659,17,8111,180,59528,32,0,Urban,35685
6581,17,3099,763,112421,42,0,Urban,137454
4896,12,14926,683,78046,52,1,Suburban,146686
8321,17,11359,946,103652,11,4,Suburban,145225
6378,4,6388,283,44430,53,3,Rural,55737
3628,11,13217,932,61839,43,3,Urban,158180
7427,17,12550,738,81446,56,1,Urban,116637
780,9,5935,132,117085,49,3,Rural,23207
5724,0,11817,317,107927,41,4,Rural,114361
7830,15,6527,845,118175,32,0,Suburban,81552
5659,5,4532,849,78597,11,3,Urban,78992
3110,18,12863,108,85581,21,4,Suburban,78107
8222,8,8659,347,73247,47,2,Urban,195773
4318,13,10233,397,53670,11,4,Suburban,164054
4358,10,5676,645,36794,7,2,Rural,154051
1842,5,3947,838,95914,22,1,Rural,83399
7430,15,5034,297,84314,55,4,Suburban,120318
7000,12,13405,807,113309,29,1,Suburban,76802
4301,5,8735,325,68880,48,2,Rural,56507
5523,14,5192,929,58462,20,0,Urban,54111
1965,8,5611,282,84390,46,4,Rural,124964
7112,5,12447,436,86254,13,4,Urban,63593
8232,4,1376,654,54725,49,0,Suburban,62055
2431,16,6744,518,105596,24,3,Urban,37446
8847,8,3015,987,40760,14,3,Suburban,112145
5806,2,9546,1005,113328,42,0,Suburban,180328
9672,7,7988,139,27316,44,3,Rural,150915
8726,8,3106,977,38470,13,3,Suburban,114162
3286,19,2580,107,63269,2,1,Urban,89602
1437,4,10565,621,59865,56,1,Rural,191512
7807,5,5627,739,121757,63,3,Urban,15009
5522,10,13931,758,20834,58,2,Rural,122821
1790,7,10777,631,60483,47,1,Rural,193283
8471,18,11295,950,108331,9,4,Suburban,147550
9672,13,9334,399,40302,16,0,Suburban,147215
1782,4,12478,712,82261,18,0,Rural,127015
3431,18,14018,274,39338,37,2,Suburban,151103
1645,15,2255,838,22929,14,4,Rural,148689
6685,13,12877,594,44420,23,3,Urban,151307
6114,15,1106,583,50999,37,2,Suburban,137846
5848,6,4444,79,78950,56,4,Urban,38166
6103,1,4016,347,61279,38,1,Urban,115761
2810,0,5613,368,47474,58,4,Suburban,162580
4711,13,9992,377,56769,6,4,Suburban,165971
7323,9,6576,769,80860,14,0,Urban,148584
1430,0,12201,227,78208,14,4,Rural,39401
3655,9,6852,575,77915,2,2,Rural,115660
6965,14,7894,636,65980,17,2,Rural,45365
1607,13,4259,647,105507,8,0,Urban,160464
8001,2,11795,676,53568,8,4,Suburban,60440
4632,2,14562,848,95121,0,1,Urban,160824
6496,0,8590,866,37082,43,4,Rural,150150
1265,4,972,92,81339,35,2,Rural,13792
8606,4,1320,696,56695,46,0,Suburban,60248
9006,3,1711,534,60094,11,2,Suburban,54425
6875,2,8313,81,93830,40,3,Rural,132266
1966,15,6931,551,98603,18,3,Urban,36804
5823,7,4414,140,75999,55,4,Urban,38917
6479,11,909,556,43784,37,2,Suburban,135409
7758,3,5729,142,33180,10,3,Rural,84308
5511,3,1383,388,107716,34,1,Suburban,84725
3220,17,3901,902,65014,23,3,Urban,178742
1748,0,12277,192,79959,22,4,Rural,36788
7661,16,6643,825,116934,28,0,Suburban,79594
6309,9,13700,724,20915,62,2,Rural,119440
8622,10,8864,333,73014,51,2,Urban,192011
9629,11,6814,210,38983,57,3,Suburban,148284
6211,1,8664,876,30409,52,4,Rural,149917
7707,11,8508,277,74505,52,2,Urban,193350
6471,0,2699,212,47624,0,1,Suburban,99134
8701,13,11722,871,16285,32,4,Urban,119932
2640,3,4044,864,94903,22,1,Rural,85443
5067,12,2766,865,65197,53,4,Urban,148939
3253,17,13808,256,45189,37,2,Suburban,152667
2560,15,13149,28,89767,18,4,Suburban,79717
6282,0,8748,831,32816,51,4,Rural,152777
2825,4,14800,754,112603,39,0,Rural,111158
1919,1,12391,208,75058,18,4,Rural,39221
3110,6,2004,690,37947,50,4,Urban,28918
4401,9,5687,589,27308,10,2,Rural,153389
6265,1,9605,927,107233,49,0,Suburban,179581
721,17,1363,456,105420,44,2,Urban,145073
9559,1,1447,564,62621,11,2,Suburban,53932
2874,16,6013,876,82231,17,3,Suburban,69066
4743,2,14548,903,96084,0,1,Urban,161143
5580,20,13122,846,112019,57,0,Rural,112140
5929,5,4363,834,59059,26,1,Urban,50519
8245,5,11550,201,63526,45,3,Urban,113514
8475,13,2029,845,108848,13,0,Suburban,47650
5511,9,4368,766,56754,25,1,Urban,48384
1313,3,2118,467,25928,11,1,Urban,53026
5452,9,13839,748,20386,54,2,Rural,122048
9191,12,11597,886,25131,27,4,Urban,123241
9304,15,9185,365,108347,12,1,Suburban,66795
8440,0,12054,674,59246,8,4,Rural,105021
2949,19,12928,70,91141,17,4,Suburban,80647
5124,6,2106,634,77886,29,3,Rural,78807
4081,15,6014,43,19798,26,1,Rural,120002
4667,12,9957,378,58218,6,4,Suburban,163459
6622,1,6314,278,41999,56,3,Rural,57197
9915,6,7819,153,22858,41,3,Rural,151798
1376,1,12457,673,83545,21,0,Rural,129788
6089,0,3869,419,56648,33,1,Urban,115185
6967,1,6251,285,36374,54,3,Rural,56222
8101,1,10643,865,69578,37,0,Rural,34224
7346,12,13008,523,46003,24,3,Urban,151182
6333,0,6417,313,38214,53,3,Rural,58030
7372,3,13324,530,102263,25,1,Urban,121401
7491,11,6434,810,74995,17,0,Urban,145610
1998,7,8198,727,20707,5,4,Suburban,105346
8653,2,1471,515,64220,5,2,Suburban,54149
4847,14,10271,243,114178,6,2,Suburban,122579
8252,0,12016,615,56995,8,4,Rural,105330
8302,0,12056,589,62511,1,4,Rural,106737
3480,16,6078,98,28094,29,1,Rural,119031
8993,15,9008,309,109047,11,1,Suburban,67106
3341,17,5749,60,25069,30,1,Rural,118793
7356,2,1946,656,46282,38,4,Rural,143353
7147,3,12368,477,82415,15,4,Urban,66593
8131,6,10519,162,104807,27,3,Suburban,75285
545,6,3371,614,75904,57,2,Urban,29096
3551,18,5704,24,27869,24,1,Rural,118474
9292,12,11657,921,18446,35,4,Urban,122598
9041,15,2000,916,117987,18,0,Suburban,45416
7888,10,8818,323,75720,50,2,Urban,193759
5905,17,13457,154,54046,36,1,Suburban,133866
5925,0,4027,339,62194,39,1,Urban,112621
7461,3,13328,487,98779,22,1,Urban,117893
973,0,7208,74,70053,3,0,Rural,181490
1999,7,5405,216,84134,43,4,Rural,125031
5492,18,13666,72,56616,41,1,Suburban,135586
3940,11,7010,579,84448,4,2,Rural,116936
3550,1,4959,463,33661,57,0,Urban,62352
2967,10,5002,772,49110,34,2,Suburban,137609
2347,19,12124,382,88834,45,4,Urban,132498
608,0,6976,106,68224,9,0,Rural,180382
4013,11,10073,433,52406,6,4,Suburban,166085
4264,0,9109,367,114836,40,2,Suburban,34164
6508,0,6573,332,44885,52,3,Rural,58054
3143,16,13862,252,38041,36,2,Suburban,150698
2809,9,4822,728,55740,26,2,Suburban,133893
3557,2,13712,917,50077,25,1,Urban,32837
2526,8,5317,209,89151,45,4,Rural,125032
7141,20,3210,767,109129,48,0,Urban,137377
6036,20,3901,96,56382,29,3,Rural,91804
1783,7,8474,701,19085,4,4,Suburban,106541
8804,11,3355,926,42570,13,3,Suburban,112696
6252,5,9461,974,107871,47,0,Suburban,180672
9422,0,3222,686,54156,40,4,Rural,136061
6369,0,6405,287,40791,54,3,Rural,56157
8702,20,8153,136,51399,39,0,Urban,36356
4415,8,9963,438,51897,13,4,Suburban,163722
7403,6,5526,768,114380,58,3,Urban,16219
3745,7,14440,752,110135,27,4,Urban,174801
6083,3,11627,317,108521,38,4,Rural,113917
7859,16,5027,357,90682,52,4,Suburban,121482
7894,5,11651,222,64952,43,3,Urban,112840
2877,0,2383,588,86841,22,0,Urban,195367
1970,18,8008,188,33196,57,0,Rural,103859
1594,5,12207,955,114531,36,0,Urban,150509
6041,2,3772,400,63269,40,1,Urban,114477
593,2,7057,115,72851,2,0,Rural,183899
4671,11,6622,845,76502,7,0,Suburban,64234
6475,2,9450,1002,116228,47,0,Suburban,181593
779,4,7012,56,73089,1,0,Rural,180487
6146,1,11872,325,105182,36,4,Rural,113402
7088,19,3404,710,110203,48,0,Urban,138073
5329,5,1437,386,107040,40,1,Suburban,85528
7866,13,4322,501,92526,50,1,Suburban,51423
1747,5,10578,556,62641,55,1,Rural,192171
3169,12,5103,798,51064,31,2,Suburban,135774
7084,14,7707,616,66271,12,2,Rural,43376
270,3,8405,245,41636,6,2,Suburban,92280
218,3,8647,265,42857,11,2,Suburban,91078
1740,16,11741,314,94311,47,4,Urban,129602
2513,16,11770,375,88985,44,4,Urban,132969
2288,21,5879,860,81787,11,3,Suburban,68760
8005,18,8002,881,119314,35,1,Suburban,33458
2959,13,4830,744,48733,28,2,Suburban,134976
8584,0,11613,674,60366,5,4,Suburban,62380
3722,10,13319,950,64684,43,3,Urban,158156
2681,2,3869,862,96541,21,1,Rural,83368
9440,2,3409,684,51587,48,4,Rural,138829
8825,0,12264,650,57523,10,4,Rural,105340
4053,13,10288,421,57492,5,4,Suburban,164279
6729,3,12278,445,80955,13,4,Urban,64962
9523,17,11812,865,21911,35,4,Urban,120685
9770,6,8122,130,24784,43,3,Rural,151018
6185,3,11682,307,105532,37,4,Rural,113723
6012,7,4528,804,83015,9,3,Urban,79019
6937,8,9596,636,107159,16,2,Suburban,142192
4756,5,8958,314,72899,49,2,Rural,58964
1076,9,6017,64,116647,50,3,Rural,24058
6385,5,4480,876,74832,9,3,Urban,76631
7131,4,5587,751,120613,62,3,Urban,15152
8782,0,12165,667,59904,8,4,Rural,104962
5090,4,14385,847,99802,3,1,Urban,160650
2571,0,10240,198,72264,6,0,Suburban,157180
5965,9,4316,817,53112,27,1,Urban,47407
6823,0,6529,286,35499,56,3,Rural,54286
7473,0,13445,457,104218,18,1,Urban,118384
8777,0,12143,593,65876,5,4,Rural,104843
6438,0,8694,890,40277,50,4,Rural,153267
8106,18,7983,799,113439,37,1,Suburban,31873
5602,2,1233,386,107461,37,1,Suburban,85596
1254,1,1154,131,87262,34,2,Rural,15836
7959,15,4947,353,91144,57,4,Suburban,122459
9794,18,1909,96,37975,16,1,Rural,147230
6874,16,3099,750,111671,44,0,Urban,138129
6658,2,9522,936,110148,46,0,Suburban,179777
1905,17,6925,481,100822,24,3,Urban,35636
4109,10,5573,656,32223,8,2,Rural,153762
8549,17,11645,904,24766,29,4,Urban,121633
8663,8,3880,958,22500,46,1,Suburban,196278
7334,12,12413,718,87422,56,1,Urban,116123
1015,4,11185,717,25704,34,1,Rural,115981
3109,4,14457,697,104011,19,4,Urban,172821
5769,14,1240,583,46591,34,2,Suburban,134481
7737,16,8101,124,53159,38,0,Urban,35458
3271,13,5767,12,27942,31,1,Rural,120203
581,0,6868,64,69388,6,0,Rural,183367
8995,1,1749,500,62697,14,2,Suburban,54096
5521,10,13610,714,28069,57,2,Rural,120494
8921,16,4463,740,90822,39,4,Rural,113034
6034,17,3790,91,62610,28,3,Rural,91226
2244,4,3859,909,101507,27,1,Rural,84246
9302,8,7763,117,27223,43,3,Rural,151152
7366,15,6384,840,112927,27,0,Suburban,81436
6244,3,9746,687,104731,12,2,Suburban,142058
2695,17,14095,207,45926,31,2,Suburban,152467
7221,18,9209,534,28780,48,1,Suburban,166030
6573,3,4304,885,76353,12,3,Urban,76037
733,9,2337,703,67578,42,1,Suburban,146305
2316,15,12063,313,89230,47,4,Urban,132233
7838,2,6593,782,114278,2,4,Rural,34039
2741,10,7241,679,89687,61,0,Urban,94681
4601,2,9121,407,116878,37,2,Suburban,32963
8071,18,6346,853,117755,31,0,Suburban,80218
1770,3,12140,716,82051,25,0,Rural,130754
8509,2,6511,858,112905,8,4,Rural,31927
3798,0,13700,893,44084,31,1,Urban,32084
405,0,8490,264,44129,14,2,Suburban,93597
6337,5,13744,722,24909,56,2,Rural,121168
5389,1,3831,346,58574,36,1,Urban,113388
7308,20,9348,561,30842,44,1,Suburban,165445
6441,0,11840,280,112236,39,4,Rural,113557
1732,12,2063,824,23223,17,4,Rural,150866
4798,15,10162,243,120695,0,2,Suburban,123405
5750,12,1006,597,43716,35,2,Suburban,134613
9734,0,3402,684,55164,47,4,Rural,138342
2165,16,7894,145,35162,53,0,Rural,100808
4258,0,8962,420,119218,39,2,Suburban,32900
6916,0,8402,99,87087,36,3,Rural,134478
2495,18,5953,893,81538,11,3,Suburban,70166
8878,18,4520,714,95392,39,4,Rural,113141
1367,0,12197,219,81861,16,4,Rural,37034
1002,2,12284,690,89825,25,0,Rural,128410
5978,21,13503,85,61103,33,1,Suburban,136724
8048,0,10432,870,69837,36,0,Rural,32230
6122,3,4590,859,76494,4,3,Urban,77268
4973,10,4407,65,82529,50,4,Urban,39500
3932,9,10031,413,55117,13,4,Suburban,165254
1244,7,10488,608,63311,54,1,Rural,194998
1086,6,3467,574,74756,50,2,Urban,29166
2496,1,10495,160,65462,4,0,Suburban,156530
7143,18,9460,176,106723,43,1,Rural,129908
8216,3,5577,128,39592,8,3,Rural,86520
7399,19,9329,108,106953,37,1,Rural,127224
6436,9,12982,602,44853,25,3,Urban,154372
8157,13,7990,811,122776,35,1,Suburban,32234
7020,15,14091,869,105692,9,0,Suburban,184356
1304,3,1193,113,81563,27,2,Rural,13746
3383,17,5807,87,20859,27,1,Rural,117607
8380,0,6425,836,108813,8,4,Rural,33603
3484,1,5591,377,47140,55,4,Suburban,161739
8214,0,10368,860,69176,40,0,Rural,35202
8143,12,4380,194,33424,6,2,Rural,142464
2235,17,7841,167,29478,60,0,Rural,101297
7298,7,2079,733,44713,33,4,Rural,141452
6375,0,8382,67,89387,33,3,Rural,135141
2905,0,2022,542,83021,18,0,Urban,195460
2289,8,5563,211,89229,40,4,Rural,127023
1273,15,4360,618,109668,12,0,Urban,160185
728,1,7081,69,73661,3,0,Rural,183926
1557,1,12265,692,88801,22,0,Rural,127328
4330,1,8647,300,70921,47,2,Rural,59732
9107,10,6509,209,36757,55,3,Suburban,148707
2307,19,6004,877,73972,13,3,Suburban,67671
9939,8,10616,940,112169,57,0,Suburban,116762
4837,13,9170,372,91111,21,2,Urban,16521
2919,8,2169,640,40804,54,4,Urban,26161
1294,15,4525,577,110452,10,0,Urban,159196
8235,7,4473,175,35967,10,2,Rural,139984
5413,19,6256,884,59179,40,0,Suburban,13776
8555,21,11511,918,109209,11,4,Suburban,146226
5678,14,2550,793,64718,58,4,Urban,145821
1766,14,4508,620,106282,10,0,Urban,157878
3752,10,13290,923,65389,38,3,Urban,158890
7940,18,8333,104,50272,34,0,Urban,38106
5799,17,3826,74,60971,24,3,Rural,92889
613,7,11430,702,23616,40,1,Rural,117373
1642,3,12487,728,89143,22,0,Rural,127339
928,8,5704,1013,94676,40,0,Urban,195977
8513,0,12159,673,62328,4,4,Rural,105020
1695,16,4512,587,103595,6,0,Urban,157864
8244,12,4560,186,28223,3,2,Rural,142732
8231,19,6662,828,117495,32,0,Suburban,79386
3561,8,1764,548,59052,32,1,Suburban,176533
7894,7,5386,724,118490,57,3,Urban,15408
4523,9,7011,653,85967,5,2,Rural,116703
2587,8,7267,666,87978,61,0,Urban,94733
3955,13,5832,73,27641,24,1,Rural,120038
1402,6,12109,927,111766,36,0,Urban,152563
899,15,1106,449,102852,43,2,Urban,145451
4886,6,14348,869,100936,5,1,Urban,161512
5274,4,2326,607,82681,29,3,Rural,79467
2902,6,14590,707,113178,39,0,Rural,113030
405,4,7022,64,66846,3,0,Rural,184103
1152,17,4530,648,101896,11,0,Urban,160159
7159,13,4504,512,89615,43,1,Suburban,51383
6081,0,2704,166,47572,0,1,Suburban,97957
3500,3,14883,695,108994,30,0,Rural,111882
5420,11,12343,841,90384,53,3,Urban,177019
6170,6,13610,693,27627,57,2,Rural,122567
4703,8,14907,738,80107,59,1,Suburban,145703
1859,4,1873,484,31474,19,1,Urban,54200
7921,20,6598,831,117414,33,0,Suburban,81400
9429,3,1480,523,66219,12,2,Suburban,55470
693,1,8664,285,45990,8,2,Suburban,90627
6255,0,11483,338,107787,38,4,Rural,113969
4861,17,9261,376,91523,19,2,Urban,15889
1796,5,8260,682,18343,6,4,Suburban,105096
8413,16,8016,109,59277,38,0,Urban,35920
550,8,11404,643,31316,42,1,Rural,114414
7288,15,12381,708,85485,58,1,Urban,119513
5399,17,9174,349,96233,16,2,Urban,16951
3848,12,6681,562,83170,5,2,Rural,116722
4177,10,10180,350,53068,4,4,Suburban,164799
4043,18,6059,91,21719,23,1,Rural,117686
1220,4,12424,671,87977,23,0,Rural,128354
5713,19,12940,868,112906,60,0,Rural,113259
7791,19,6392,763,120092,26,0,Suburban,80234
5208,10,6420,909,74345,2,0,Suburban,64442
461,0,7167,118,66740,6,0,Rural,181179
4008,0,13703,971,46199,32,1,Urban,33879
3132,0,5083,519,38994,55,0,Urban,60259
5572,14,5332,874,59420,21,0,Urban,52071
5626,9,2052,664,83627,32,3,Rural,78986
8986,11,3285,978,46382,16,3,Suburban,113096
9755,0,3474,685,49388,41,4,Rural,136773
890,15,1262,412,103529,47,2,Urban,146251
1347,6,2416,678,69531,42,1,Suburban,145959
7857,6,5772,127,40381,13,3,Rural,84715
7262,0,6334,259,37549,58,3,Rural,56060
2652,9,7074,691,90280,60,0,Urban,96241
3862,1,13618,974,45310,24,1,Urban,34825
804,9,11166,639,29682,39,1,Rural,114783
5637,4,2234,641,77359,30,3,Rural,79617
8950,5,1382,658,56868,49,0,Suburban,61154
637,4,3462,571,80420,52,2,Urban,30629
6179,0,2662,170,55713,2,1,Suburban,98187
4860,12,6572,861,82024,2,0,Suburban,64264
10152,13,9071,463,40480,17,0,Suburban,143908
3955,0,9041,404,119149,39,2,Suburban,34325
7922,9,6639,837,79550,14,0,Urban,148487
8785,1,10554,144,105376,21,3,Suburban,74077
3689,0,2070,588,87736,18,0,Urban,195323
2148,7,7118,700,90748,60,0,Urban,95330
7416,17,13752,911,105892,12,0,Suburban,185092
8750,13,11834,907,17522,31,4,Urban,123266
8185,0,6736,785,108615,0,4,Rural,31635
6948,0,13258,460,101605,25,1,Urban,121059
2950,18,13881,193,36912,32,2,Suburban,151551
8648,2,10564,121,107267,26,3,Suburban,75216
3384,16,5830,39,25786,27,1,Rural,117781
7220,0,6632,334,36462,60,3,Rural,58253
920,9,11437,717,24178,41,1,Rural,115519
7058,4,13354,435,100105,19,1,Urban,119904
4822,10,6621,903,79046,4,0,Suburban,66628
8394,3,5842,175,38445,12,3,Rural,87345
1904,0,12256,214,76926,20,4,Rural,37345
4002,10,1369,538,61141,27,1,Suburban,176912
2996,2,2219,603,85211,23,0,Urban,195598
8930,2,1593,515,62302,14,2,Suburban,53058
4895,6,2021,663,81472,27,3,Rural,79546
2130,13,6732,473,103027,18,3,Urban,37823
6897,8,9771,666,102069,15,2,Suburban,141708
4075,4,8865,312,66262,40,2,Rural,59034
5786,9,12226,873,89166,55,3,Urban,176424
6641,18,3075,728,105529,44,0,Urban,135681
5389,19,13510,125,55962,32,1,Suburban,137002
4153,8,5543,580,29234,10,2,Rural,152130
8216,0,6690,860,108597,1,4,Rural,33880
2802,8,1787,708,34565,48,4,Urban,29546
2777,19,13021,102,89685,23,4,Suburban,81503
6717,15,7800,638,61536,12,2,Rural,43195
3932,3,13783,888,51526,24,1,Urban,34421
7895,1,6817,92,45543,43,4,Suburban,157306
2842,4,10429,182,71823,0,0,Suburban,155099
931,5,3639,576,80426,56,2,Urban,30475
10037,0,3158,614,55683,41,4,Rural,136974
1006,3,3690,536,71605,50,2,Urban,29432
2111,5,5672,262,87372,43,4,Rural,126034
9736,8,7889,187,23025,46,3,Rural,152222
3003,3,1935,696,34111,50,4,Urban,26810
4837,10,14807,692,78286,57,1,Suburban,146777
9623,18,1938,164,40031,11,1,Rural,145798
5161,10,14838,697,76703,56,1,Suburban,148756
1990,18,11977,347,87640,47,4,Urban,132472
595,0,7001,52,69410,7,0,Rural,182450
5762,2,8513,826,34381,43,4,Rural,151587
2105,2,10390,215,68197,2,0,Suburban,157230
1320,3,10453,547,61628,49,1,Rural,193154
7547,17,6377,828,119781,27,0,Suburban,79249
6168,0,11780,318,109864,42,4,Rural,114292
8312,0,11554,667,63450,5,4,Suburban,61703
4085,9,13190,915,65504,43,3,Urban,156771
2037,4,3790,890,101327,26,1,Rural,81632
8805,10,3966,931,23929,43,1,Suburban,197914
1374,8,10714,567,63063,55,1,Rural,192781
8571,3,10437,179,103351,24,3,Suburban,73115
2656,9,6967,703,92406,54,0,Urban,94309
7053,9,6503,814,74893,16,0,Urban,148292
791,14,6040,104,118006,50,3,Rural,25418
3797,11,13280,922,58623,38,3,Urban,157297
5763,1,9536,982,110975,44,0,Suburban,182208
4362,11,5372,600,29068,13,2,Rural,151589
3997,8,10035,360,54561,8,4,Suburban,163518
3927,11,6834,615,77982,2,2,Rural,113854
5858,14,1152,602,43804,35,2,Suburban,137017
8519,3,2947,933,89096,50,0,Urban,81762
4171,13,10207,274,115761,6,2,Suburban,123419
2722,20,2875,77,63162,11,1,Urban,90612
3239,15,3878,907,64551,27,3,Urban,177960
5495,16,13419,138,56075,40,1,Suburban,133622
5648,16,3864,95,55530,26,3,Rural,91166
1683,4,1190,91,88424,31,2,Rural,13221
3141,0,5682,397,45473,57,4,Suburban,163277
5404,15,5957,800,56887,41,0,Suburban,13397
10143,0,3170,672,48508,47,4,Rural,137471
2994,6,14702,686,111945,36,0,Rural,111921
1998,13,6752,542,105636,19,3,Urban,34647
7321,19,13831,935,110887,5,0,Suburban,182513
1401,10,2227,692,67608,42,1,Suburban,145694
2130,6,7002,634,89261,61,0,Urban,93904
3581,11,1463,572,54891,27,1,Suburban,176429
5499,20,6141,873,58607,42,0,Suburban,16147
5319,12,9252,372,93246,25,2,Urban,17983
1079,0,8389,297,40118,9,2,Suburban,93443
6141,16,6136,882,56534,38,0,Suburban,14328
2923,17,12801,90,92197,19,4,Suburban,81161
6050,16,1126,541,45436,31,2,Suburban,135656
5402,6,13568,739,20645,53,2,Rural,119382
1420,4,8256,686,22779,9,4,Suburban,104471
8280,8,11878,185,59713,43,3,Urban,116052
8150,0,10446,854,72865,38,0,Rural,35357
2961,2,5206,450,33085,53,0,Urban,61894
1608,12,2105,803,30232,21,4,Rural,148898
8643,19,8337,130,51649,37,0,Urban,37255
8731,10,6745,178,35607,54,3,Suburban,148851
4776,5,8634,339,75097,43,2,Rural,56758
613,7,2369,749,68787,47,1,Suburban,146547
5203,16,13149,880,117577,56,0,Rural,111726
2439,18,5900,808,81272,15,3,Suburban,67313
8488,0,9923,124,43004,14,2,Suburban,147448
1120,1,7085,91,69726,4,0,Rural,181274
7982,8,11786,200,61081,49,3,Urban,115114
8625,3,2874,927,90103,53,0,Urban,82857
2628,7,7274,714,94099,56,0,Urban,95710
3869,6,5526,655,32850,13,2,Rural,154255
5452,5,4493,153,80822,57,4,Urban,38104
6874,3,2127,671,46531,35,4,Rural,142511
1392,3,1890,452,32703,14,1,Urban,53518
3541,6,1950,674,39404,53,4,Urban,29194
8446,17,2054,934,110335,16,0,Suburban,46556
7847,12,4898,298,92754,59,4,Suburban,121549
9209,20,4431,682,93110,46,4,Rural,112572
4326,11,10309,434,54979,7,4,Suburban,164143
8110,1,5629,136,42543,12,3,Rural,87386
6439,9,13160,551,39521,22,3,Urban,151219
4142,11,5365,648,35746,16,2,Rural,153891
8760,1,10359,891,75329,37,0,Rural,35483
9750,15,8633,771,77515,37,0,Suburban,9375
5593,3,1310,436,108700,38,1,Suburban,82276
2096,7,7097,685,90365,61,0,Urban,96000
6800,1,8511,90,88573,39,3,Rural,133592
8320,9,3906,879,22015,44,1,Suburban,198921
5563,18,3867,80,61321,26,3,Rural,93044
3265,8,1801,700,34364,46,4,Urban,29369
2878,10,4958,816,54182,28,2,Suburban,136535
4465,0,9178,442,109553,34,2,Suburban,32459
3385,4,14379,754,104944,22,4,Urban,174132
6396,2,12199,433,79175,16,4,Urban,64226
6755,19,9303,120,108679,40,1,Rural,127530
6298,6,13641,697,21990,54,2,Rural,119995
8927,4,2749,925,87375,48,0,Urban,84145
995,14,6023,81,117675,55,3,Rural,23885
7538,7,11672,205,59319,43,3,Urban,113971
4747,16,10301,253,113776,6,2,Suburban,121107
8657,9,4641,156,33104,2,2,Rural,142391
8790,11,3166,970,43351,9,3,Suburban,114238
7862,13,4459,529,85755,43,1,Suburban,51091
7419,11,13002,602,40691,26,3,Urban,153248
2917,17,5889,896,73175,12,3,Suburban,67139
2972,8,1898,692,36354,45,4,Urban,27576
592,4,11321,651,23266,34,1,Rural,117103
4334,4,14452,914,92169,2,1,Urban,160127
7176,8,9768,637,104222,14,2,Suburban,140672
8400,9,8675,315,73802,48,2,Urban,192551
1047,8,10478,631,67434,55,1,Rural,192696
7611,0,6452,791,110089,8,4,Rural,35197
4780,1,8935,254,70187,44,2,Rural,57600
9486,13,9258,432,38142,14,0,Suburban,144889
3424,17,5987,96,27780,24,1,Rural,118657
4061,18,10328,248,114227,0,2,Suburban,121370
2110,17,11997,363,89276,47,4,Urban,132745
721,0,8482,257,44280,9,2,Suburban,91461
2267,16,6077,802,73459,16,3,Suburban,67276
714,2,7201,52,65134,4,0,Rural,183098
6910,19,9490,533,25943,40,1,Suburban,165519
2412,0,4026,852,96031,28,1,Rural,85122
6133,10,13904,701,27855,53,2,Rural,120815
2020,4,3789,920,100473,25,1,Rural,85012
2225,15,11761,370,87379,42,4,Urban,132670
6992,13,12172,770,85262,51,1,Urban,118981
7372,17,14141,892,112898,12,0,Suburban,183101
9737,15,8960,400,109505,9,1,Suburban,65278
9041,0,12186,600,64019,10,4,Rural,105722
3869,16,3609,934,61289,26,3,Urban,179143
8090,0,6748,867,116925,9,4,Rural,35521
8553,5,2841,929,93375,51,0,Urban,85261
3742,0,13606,941,49070,32,1,Urban,32916
7503,2,13440,524,97547,21,1,Urban,119402
3472,2,5300,388,44452,61,4,Suburban,161513
7879,17,8127,167,53306,37,0,Urban,35747
8853,10,6838,223,38741,56,3,Suburban,146253
7951,0,11690,722,61111,8,4,Suburban,61265
1935,4,12446,945,112846,35,0,Urban,149967
2715,7,5474,287,87259,46,4,Rural,126982
1846,19,11811,347,91022,48,4,Urban,130597
7787,2,13093,464,98758,20,1,Urban,117852
3595,9,13194,909,66243,38,3,Urban,158841
469,16,1332,392,99015,40,2,Urban,144877
3767,17,3548,920,65369,21,3,Urban,180923
5242,18,13665,110,57433,41,1,Suburban,134427
3915,2,8800,329,75008,42,2,Rural,58748
5817,15,5896,856,54141,41,0,Suburban,13469
4610,6,14618,881,96947,1,1,Urban,159203
8382,8,11862,203,64304,49,3,Urban,112828
3956,6,8938,247,68646,44,2,Rural,58689
9318,7,3021,965,86284,44,0,Urban,85125
1745,14,1874,849,29976,22,4,Rural,151146
2750,21,6037,872,80368,11,3,Suburban,68668
1034,5,8240,703,21834,4,4,Suburban,105965
6408,0,8368,54,89244,32,3,Rural,134926
1562,12,2137,787,26933,17,4,Rural,148694
1617,14,1972,819,29354,15,4,Rural,150212
5742,10,13557,750,20181,61,2,Rural,119813
6602,14,13048,571,42933,27,3,Urban,153787
7382,16,6546,788,116308,32,0,Suburban,81537
5440,4,4236,759,54305,30,1,Urban,47670
641,8,5641,1010,93887,42,0,Urban,196960
7658,18,8061,817,118700,38,1,Suburban,33915
8984,2,12198,664,62494,10,4,Rural,107325
9060,17,1856,885,115085,17,0,Suburban,47608
7961,1,10636,902,68765,34,0,Rural,35772
9600,15,9037,352,114963,10,1,Suburban,66421
1742,0,12249,151,74721,15,4,Rural,39864
6152,14,5366,939,50355,16,0,Urban,54072
4790,15,9229,288,91175,18,2,Urban,19021
3424,20,14089,277,42283,37,2,Suburban,150185
1852,2,1232,135,85287,36,2,Rural,15497
2729,18,2663,137,57841,9,1,Urban,89175
3964,17,5826,93,24734,26,1,Rural,120098
3721,10,6678,584,77721,1,2,Rural,115797
9396,15,8272,774,72789,41,0,Suburban,9695
8589,5,2884,888,94649,52,0,Urban,84414
1028,12,5913,49,120857,47,3,Rural,23405
5214,12,14834,668,80265,53,1,Suburban,145333
3205,16,14046,188,39274,35,2,Suburban,150731
2658,19,2776,68,55817,6,1,Urban,88320
7859,18,13891,902,112698,9,0,Suburban,184684
1173,16,4468,573,103828,4,0,Urban,159629
870,10,5760,986,97334,49,0,Urban,197560
6978,10,12874,557,46510,22,3,Urban,154533
9345,0,3305,697,54998,41,4,Rural,137091
3966,1,8851,361,115335,42,2,Suburban,33672
3147,2,13694,955,48579,25,1,Urban,32537
7808,13,12326,750,88381,50,1,Urban,116947
5622,1,11587,283,105007,43,4,Rural,114060
1370,9,5909,100,114916,50,3,Rural,22449
4696,6,14534,872,97755,0,1,Urban,159419
8044,5,1718,855,42984,20,4,Rural,115582
3199,1,2051,549,87946,24,0,Urban,196547
563,18,1291,481,102835,49,2,Urban,144830
4998,14,6640,884,82261,1,0,Suburban,63914
6321,15,7831,661,59990,10,2,Rural,45272
6445,16,9543,515,28413,42,1,Suburban,166737
6046,16,5893,878,54695,39,0,Suburban,13921
2999,6,7181,643,86826,55,0,Urban,95370
